"descripcion","fecha","cuenta"
FALTA COTIZ. SALUD,2024-04-10,21
RENTA = TOPE,2024-04-10,1
COTIZ < LIQ DE SUELDO,2024-04-10,19
NO HAY IMAGENES PARA DESCARGAR,2024-04-10,8
NO PROCESADO MEDIPASS,2024-04-10,130
NO IMAGENES CON API,2024-04-10,144
NO PROCESADO MEDIPASS,2024-04-09,94
COTIZ < LIQ DE SUELDO,2024-04-09,44
NO IMAGENES CON API,2024-04-09,2
RENTA = TOPE,2024-04-09,6
FALTA COTIZ. SALUD,2024-04-09,27
NO HAY IMAGENES PARA DESCARGAR,2024-04-09,8
NO PROCESADO MEDIPASS,2024-04-08,170
NO IMAGENES CON API,2024-04-08,67
FALTA COTIZ. SALUD,2024-04-08,40
COTIZ < LIQ DE SUELDO,2024-04-08,54
RENTA = TOPE,2024-04-08,4
FECHA CONTRATO TRABAJO EQ FECHA AFILIACION ENTIDAD PREVISIONAL,2024-04-08,2
NO HAY IMAGENES PARA DESCARGAR,2024-04-08,13
NO PROCESADO MEDIPASS,2024-04-07,2
FALTA COTIZ. SALUD,2024-04-06,1
FECHA CONTRATO TRABAJO EQ FECHA AFILIACION ENTIDAD PREVISIONAL,2024-04-05,2
FALTA COTIZ. SALUD,2024-04-05,30
RENTA = TOPE,2024-04-05,6
NO PROCESADO MEDIPASS,2024-04-05,101
NO HAY IMAGENES PARA DESCARGAR,2024-04-05,6
NO SE ENCUENTRAN MESES CON DIAS TRABAJADOS,2024-04-05,1
COTIZ < LIQ DE SUELDO,2024-04-05,39
NO SE ENCUENTRA CODIGO AFP,2024-04-05,1
NO PROCESADO MEDIPASS,2024-04-04,134
NO IMAGENES CON API,2024-04-04,3
FALTA COTIZ. SALUD,2024-04-04,53
NO HAY IMAGENES PARA DESCARGAR,2024-04-04,14
RENTA = TOPE,2024-04-04,9
COTIZ < LIQ DE SUELDO,2024-04-04,77
RENTA = TOPE,2024-04-03,8
COTIZ < LIQ DE SUELDO,2024-04-03,60
FALTA COTIZ. SALUD,2024-04-03,20
NO SE ENCUENTRAN MESES CON DIAS TRABAJADOS,2024-04-03,1
NO PROCESADO MEDIPASS,2024-04-03,78
NO HAY IMAGENES PARA DESCARGAR,2024-04-03,9
NO IMAGENES CON API,2024-04-03,202
FECHA CONTRATO TRABAJO EQ FECHA AFILIACION ENTIDAD PREVISIONAL,2024-04-02,1
NO HAY IMAGENES PARA DESCARGAR,2024-04-02,18
COTIZ < LIQ DE SUELDO,2024-04-02,66
FALTA COTIZ. SALUD,2024-04-02,28
RENTA = TOPE,2024-04-02,8
NO PROCESADO MEDIPASS,2024-04-02,140
NO SE ENCUENTRAN MESES CON DIAS TRABAJADOS,2024-04-01,1
COTIZ < LIQ DE SUELDO,2024-04-01,126
NO IMAGENES CON API,2024-04-01,138
RENTA = TOPE,2024-04-01,14
NO HAY IMAGENES PARA DESCARGAR,2024-04-01,16
FALTA COTIZ. SALUD,2024-04-01,30
NO PROCESADO MEDIPASS,2024-04-01,204
NO PROCESADO MEDIPASS,2024-03-31,4
FALTA COTIZ. SALUD,2024-03-28,5
COTIZ < LIQ DE SUELDO,2024-03-28,25
NO PROCESADO MEDIPASS,2024-03-28,44
RENTA = TOPE,2024-03-28,1
NO HAY IMAGENES PARA DESCARGAR,2024-03-28,3
RENTA = TOPE,2024-03-27,8
NO HAY IMAGENES PARA DESCARGAR,2024-03-27,3
FALTA COTIZ. SALUD,2024-03-27,21
NO SE ENCUENTRA CODIGO AFP,2024-03-27,1
NO DERECHO A PAGO SUBSIDIO,2024-03-27,1
NO PROCESADO MEDIPASS,2024-03-27,122
COTIZ < LIQ DE SUELDO,2024-03-27,67
NO IMAGENES CON API,2024-03-27,2
NO HAY IMAGENES PARA DESCARGAR,2024-03-26,13
NO PROCESADO MEDIPASS,2024-03-26,113
NO SE ENCUENTRAN MESES CON DIAS TRABAJADOS,2024-03-26,1
FECHA CONTRATO TRABAJO EQ FECHA AFILIACION ENTIDAD PREVISIONAL,2024-03-26,1
COTIZ < LIQ DE SUELDO,2024-03-26,98
FALTA COTIZ. SALUD,2024-03-26,8
RENTA = TOPE,2024-03-26,5
NO IMAGENES CON API,2024-03-26,3
NO SE ENCUENTRA CODIGO AFP,2024-03-25,1
FALTA COTIZ. SALUD,2024-03-25,16
NO IMAGENES CON API,2024-03-25,78
RENTA = TOPE,2024-03-25,17
NO PROCESADO MEDIPASS,2024-03-25,149
NO HAY IMAGENES PARA DESCARGAR,2024-03-25,16
COTIZ < LIQ DE SUELDO,2024-03-25,80
COTIZ < LIQ DE SUELDO,2024-03-24,2
NO PROCESADO MEDIPASS,2024-03-23,7
RENTA = TOPE,2024-03-23,1
COTIZ < LIQ DE SUELDO,2024-03-23,1
NO PROCESADO MEDIPASS,2024-03-22,123
NO SE ENCUENTRA CODIGO AFP,2024-03-22,2
RENTA = TOPE,2024-03-22,7
COTIZ < LIQ DE SUELDO,2024-03-22,89
FALTA COTIZ. SALUD,2024-03-22,9
NO HAY IMAGENES PARA DESCARGAR,2024-03-22,3
FECHA CONTRATO TRABAJO EQ FECHA AFILIACION ENTIDAD PREVISIONAL,2024-03-21,1
NO PROCESADO MEDIPASS,2024-03-21,104
NO IMAGENES CON API,2024-03-21,187
FALTA COTIZ. SALUD,2024-03-21,22
COTIZ < LIQ DE SUELDO,2024-03-21,57
NO HAY IMAGENES PARA DESCARGAR,2024-03-21,5
RENTA = TOPE,2024-03-21,5
RENTA = TOPE,2024-03-20,12
NO DERECHO A PAGO SUBSIDIO,2024-03-20,1
FALTA COTIZ. SALUD,2024-03-20,21
NO IMAGENES CON API,2024-03-20,21
NO PROCESADO MEDIPASS,2024-03-20,154
COTIZ < LIQ DE SUELDO,2024-03-20,105
NO HAY IMAGENES PARA DESCARGAR,2024-03-20,11
NO SE ENCUENTRA CODIGO AFP,2024-03-20,2
NO HAY IMAGENES PARA DESCARGAR,2024-03-19,9
FALTA COTIZ. SALUD,2024-03-19,11
NO IMAGENES CON API,2024-03-19,7
NO PROCESADO MEDIPASS,2024-03-19,136
COTIZ < LIQ DE SUELDO,2024-03-19,86
RENTA = TOPE,2024-03-19,9
RENTA = TOPE,2024-03-18,7
NO HAY IMAGENES PARA DESCARGAR,2024-03-18,7
FECHA CONTRATO TRABAJO EQ FECHA AFILIACION ENTIDAD PREVISIONAL,2024-03-18,1
COTIZ < LIQ DE SUELDO,2024-03-18,85
FALTA COTIZ. SALUD,2024-03-18,25
NO IMAGENES CON API,2024-03-18,41
NO PROCESADO MEDIPASS,2024-03-18,106
NO IMAGENES CON API,2024-03-17,7
NO HAY IMAGENES PARA DESCARGAR,2024-03-17,1
FALTA COTIZ. SALUD,2024-03-17,1
COTIZ < LIQ DE SUELDO,2024-03-17,1
NO PROCESADO MEDIPASS,2024-03-17,8
COTIZ < LIQ DE SUELDO,2024-03-15,68
NO PROCESADO MEDIPASS,2024-03-15,98
NO IMAGENES CON API,2024-03-15,1
FECHA CONTRATO TRABAJO EQ FECHA AFILIACION ENTIDAD PREVISIONAL,2024-03-15,2
NO HAY IMAGENES PARA DESCARGAR,2024-03-15,4
FALTA COTIZ. SALUD,2024-03-15,15
NO DERECHO A PAGO SUBSIDIO,2024-03-15,1
RENTA = TOPE,2024-03-15,7
NO SE ENCUENTRAN MESES CON DIAS TRABAJADOS,2024-03-14,1
FALTA COTIZ. SALUD,2024-03-14,15
NO HAY IMAGENES PARA DESCARGAR,2024-03-14,5
COTIZ < LIQ DE SUELDO,2024-03-14,104
RENTA = TOPE,2024-03-14,7
NO PROCESADO MEDIPASS,2024-03-14,124
NO IMAGENES CON API,2024-03-14,1
NO PROCESADO MEDIPASS,2024-03-13,115
NO HAY IMAGENES PARA DESCARGAR,2024-03-13,6
FECHA CONTRATO TRABAJO EQ FECHA AFILIACION ENTIDAD PREVISIONAL,2024-03-13,1
COTIZ < LIQ DE SUELDO,2024-03-13,74
RENTA = TOPE,2024-03-13,16
NO IMAGENES CON API,2024-03-13,3
FALTA COTIZ. SALUD,2024-03-13,43
NO HAY IMAGENES PARA DESCARGAR,2024-03-12,9
FALTA COTIZ. SALUD,2024-03-12,61
COTIZ < LIQ DE SUELDO,2024-03-12,110
RENTA = TOPE,2024-03-12,13
NO PROCESADO MEDIPASS,2024-03-12,110
COTIZ < LIQ DE SUELDO,2024-03-11,71
NO SE ENCUENTRAN MESES CON DIAS TRABAJADOS,2024-03-11,1
NO HAY IMAGENES PARA DESCARGAR,2024-03-11,8
RENTA = TOPE,2024-03-11,10
NO IMAGENES CON API,2024-03-11,43
NO PROCESADO MEDIPASS,2024-03-11,131
FALTA COTIZ. SALUD,2024-03-11,46
FALTA COTIZ. SALUD,2024-03-10,2
NO PROCESADO MEDIPASS,2024-03-10,6
COTIZ < LIQ DE SUELDO,2024-03-10,2
NO PROCESADO MEDIPASS,2024-03-09,1
NO HAY IMAGENES PARA DESCARGAR,2024-03-08,9
COTIZ < LIQ DE SUELDO,2024-03-08,66
NO PROCESADO MEDIPASS,2024-03-08,116
RENTA = TOPE,2024-03-08,10
FALTA COTIZ. SALUD,2024-03-08,34
NO HAY IMAGENES PARA DESCARGAR,2024-03-07,6
FALTA COTIZ. SALUD,2024-03-07,37
NO IMAGENES CON API,2024-03-07,3
NO SE ENCUENTRAN MESES CON DIAS TRABAJADOS,2024-03-07,1
FECHA CONTRATO TRABAJO EQ FECHA AFILIACION ENTIDAD PREVISIONAL,2024-03-07,1
NO PROCESADO MEDIPASS,2024-03-07,113
COTIZ < LIQ DE SUELDO,2024-03-07,60
RENTA = TOPE,2024-03-07,4
NO HAY IMAGENES PARA DESCARGAR,2024-03-06,6
RENTA = TOPE,2024-03-06,7
FALTA COTIZ. SALUD,2024-03-06,26
NO IMAGENES CON API,2024-03-06,88
COTIZ < LIQ DE SUELDO,2024-03-06,57
NO PROCESADO MEDIPASS,2024-03-06,106
FALTA COTIZ. SALUD,2024-03-05,28
NO HAY IMAGENES PARA DESCARGAR,2024-03-05,7
COTIZ < LIQ DE SUELDO,2024-03-05,69
NO PROCESADO MEDIPASS,2024-03-05,104
RENTA = TOPE,2024-03-05,9
NO HAY IMAGENES PARA DESCARGAR,2024-03-04,6
COTIZ < LIQ DE SUELDO,2024-03-04,48
FALTA COTIZ. SALUD,2024-03-04,18
RENTA = TOPE,2024-03-04,11
NO PROCESADO MEDIPASS,2024-03-04,77
NO IMAGENES CON API,2024-03-04,3
FECHA CONTRATO TRABAJO EQ FECHA AFILIACION ENTIDAD PREVISIONAL,2024-03-04,1
NO PROCESADO MEDIPASS,2024-03-03,1
RENTA = TOPE,2024-03-01,13
COTIZ < LIQ DE SUELDO,2024-03-01,106
NO IMAGENES CON API,2024-03-01,45
FALTA COTIZ. SALUD,2024-03-01,17
NO PROCESADO MEDIPASS,2024-03-01,95
NO HAY IMAGENES PARA DESCARGAR,2024-03-01,6
NO PROCESADO MEDIPASS,2024-02-29,45
NO HAY IMAGENES PARA DESCARGAR,2024-02-29,3
FALTA COTIZ. SALUD,2024-02-29,6
RENTA = TOPE,2024-02-29,9
FECHA CONTRATO TRABAJO EQ FECHA AFILIACION ENTIDAD PREVISIONAL,2024-02-29,1
COTIZ < LIQ DE SUELDO,2024-02-29,35
NO IMAGENES CON API,2024-02-28,1
NO PROCESADO MEDIPASS,2024-02-28,82
FALTA COTIZ. SALUD,2024-02-28,10
RENTA = TOPE,2024-02-28,12
NO HAY IMAGENES PARA DESCARGAR,2024-02-28,38
COTIZ < LIQ DE SUELDO,2024-02-28,61
FECHA CONTRATO TRABAJO EQ FECHA AFILIACION ENTIDAD PREVISIONAL,2024-02-27,1
NO PROCESADO MEDIPASS,2024-02-27,90
NO SE ENCUENTRA CODIGO AFP,2024-02-27,1
RENTA = TOPE,2024-02-27,8
FALTA COTIZ. SALUD,2024-02-27,7
NO HAY IMAGENES PARA DESCARGAR,2024-02-27,4
COTIZ < LIQ DE SUELDO,2024-02-27,83
NO IMAGENES CON API,2024-02-27,2
RENTA = TOPE,2024-02-26,15
NO IMAGENES CON API,2024-02-26,1
NO HAY IMAGENES PARA DESCARGAR,2024-02-26,7
COTIZ < LIQ DE SUELDO,2024-02-26,55
NO PROCESADO MEDIPASS,2024-02-26,104
FALTA COTIZ. SALUD,2024-02-26,11
NO HAY IMAGENES PARA DESCARGAR,2024-02-23,6
FALTA COTIZ. SALUD,2024-02-23,10
COTIZ < LIQ DE SUELDO,2024-02-23,53
NO PROCESADO MEDIPASS,2024-02-23,73
NO IMAGENES CON API,2024-02-23,2
RENTA = TOPE,2024-02-23,12
FECHA CONTRATO TRABAJO EQ FECHA AFILIACION ENTIDAD PREVISIONAL,2024-02-22,1
NO PROCESADO MEDIPASS,2024-02-22,98
RENTA = TOPE,2024-02-22,8
NO IMAGENES CON API,2024-02-22,4
NO HAY IMAGENES PARA DESCARGAR,2024-02-22,4
COTIZ < LIQ DE SUELDO,2024-02-22,64
FALTA COTIZ. SALUD,2024-02-22,9
FECHA CONTRATO TRABAJO EQ FECHA AFILIACION ENTIDAD PREVISIONAL,2024-02-21,2
COTIZ < LIQ DE SUELDO,2024-02-21,74
NO IMAGENES CON API,2024-02-21,5
FALTA COTIZ. SALUD,2024-02-21,8
NO HAY IMAGENES PARA DESCARGAR,2024-02-21,4
NO PROCESADO MEDIPASS,2024-02-21,98
RENTA = TOPE,2024-02-21,9
COTIZ < LIQ DE SUELDO,2024-02-20,70
NO PROCESADO MEDIPASS,2024-02-20,105
RENTA = TOPE,2024-02-20,14
FALTA COTIZ. SALUD,2024-02-20,17
NO IMAGENES CON API,2024-02-20,2
NO HAY IMAGENES PARA DESCARGAR,2024-02-20,5
FECHA CONTRATO TRABAJO EQ FECHA AFILIACION ENTIDAD PREVISIONAL,2024-02-20,2
NO SE ENCUENTRAN MESES CON DIAS TRABAJADOS,2024-02-20,1
RENTA = TOPE,2024-02-19,10
COTIZ < LIQ DE SUELDO,2024-02-19,63
NO IMAGENES CON API,2024-02-19,33
NO HAY IMAGENES PARA DESCARGAR,2024-02-19,16
NO PROCESADO MEDIPASS,2024-02-19,95
FALTA COTIZ. SALUD,2024-02-19,15
FECHA CONTRATO TRABAJO EQ FECHA AFILIACION ENTIDAD PREVISIONAL,2024-02-16,1
NO HAY IMAGENES PARA DESCARGAR,2024-02-16,3
NO PROCESADO MEDIPASS,2024-02-16,103
COTIZ < LIQ DE SUELDO,2024-02-16,47
RENTA = TOPE,2024-02-16,11
FALTA COTIZ. SALUD,2024-02-16,13
NO SE ENCUENTRAN MESES CON DIAS TRABAJADOS,2024-02-16,1
RENTA = TOPE,2024-02-15,9
COTIZ < LIQ DE SUELDO,2024-02-15,42
FALTA COTIZ. SALUD,2024-02-15,19
NO HAY IMAGENES PARA DESCARGAR,2024-02-15,1
NO IMAGENES CON API,2024-02-15,8
NO PROCESADO MEDIPASS,2024-02-15,88
NO PROCESADO MEDIPASS,2024-02-14,110
FALTA COTIZ. SALUD,2024-02-14,19
COTIZ < LIQ DE SUELDO,2024-02-14,72
RENTA = TOPE,2024-02-14,15
NO HAY IMAGENES PARA DESCARGAR,2024-02-14,5
NO IMAGENES CON API,2024-02-14,1
FECHA CONTRATO TRABAJO EQ FECHA AFILIACION ENTIDAD PREVISIONAL,2024-02-13,1
NO PROCESADO MEDIPASS,2024-02-13,117
NO IMAGENES CON API,2024-02-13,1
COTIZ < LIQ DE SUELDO,2024-02-13,75
NO DERECHO A PAGO SUBSIDIO,2024-02-13,1
FALTA COTIZ. SALUD,2024-02-13,46
RENTA = TOPE,2024-02-13,11
NO HAY IMAGENES PARA DESCARGAR,2024-02-13,4
NO HAY IMAGENES PARA DESCARGAR,2024-02-12,8
RENTA = TOPE,2024-02-12,12
NO PROCESADO MEDIPASS,2024-02-12,87
NO IMAGENES CON API,2024-02-12,89
FALTA COTIZ. SALUD,2024-02-12,32
COTIZ < LIQ DE SUELDO,2024-02-12,43
NO PROCESADO MEDIPASS,2024-02-11,7
FALTA COTIZ. SALUD,2024-02-11,4
COTIZ < LIQ DE SUELDO,2024-02-11,4
RENTA = TOPE,2024-02-09,14
COTIZ < LIQ DE SUELDO,2024-02-09,44
FECHA CONTRATO TRABAJO EQ FECHA AFILIACION ENTIDAD PREVISIONAL,2024-02-09,1
NO HAY IMAGENES PARA DESCARGAR,2024-02-09,1
NO PROCESADO MEDIPASS,2024-02-09,83
NO IMAGENES CON API,2024-02-09,1
FALTA COTIZ. SALUD,2024-02-09,33
NO HAY IMAGENES PARA DESCARGAR,2024-02-08,6
NO PROCESADO MEDIPASS,2024-02-08,101
FECHA CONTRATO TRABAJO EQ FECHA AFILIACION ENTIDAD PREVISIONAL,2024-02-08,2
RENTA = TOPE,2024-02-08,12
FALTA COTIZ. SALUD,2024-02-08,26
COTIZ < LIQ DE SUELDO,2024-02-08,51
FALTA COTIZ. SALUD,2024-02-07,22
RENTA = TOPE,2024-02-07,5
COTIZ < LIQ DE SUELDO,2024-02-07,38
NO PROCESADO MEDIPASS,2024-02-07,79
NO HAY IMAGENES PARA DESCARGAR,2024-02-07,5
NO PROCESADO MEDIPASS,2024-02-06,98
RENTA = TOPE,2024-02-06,14
NO HAY IMAGENES PARA DESCARGAR,2024-02-06,6
FALTA COTIZ. SALUD,2024-02-06,22
COTIZ < LIQ DE SUELDO,2024-02-06,46
COTIZ < LIQ DE SUELDO,2024-02-05,51
NO PROCESADO MEDIPASS,2024-02-05,115
RENTA = TOPE,2024-02-05,10
FALTA COTIZ. SALUD,2024-02-05,15
NO IMAGENES CON API,2024-02-05,9
NO HAY IMAGENES PARA DESCARGAR,2024-02-05,5
NO PROCESADO MEDIPASS,2024-02-04,4
COTIZ < LIQ DE SUELDO,2024-02-04,9
RENTA = TOPE,2024-02-04,1
FALTA COTIZ. SALUD,2024-02-02,12
FECHA CONTRATO TRABAJO EQ FECHA AFILIACION ENTIDAD PREVISIONAL,2024-02-02,1
COTIZ < LIQ DE SUELDO,2024-02-02,46
NO IMAGENES CON API,2024-02-02,2
RENTA = TOPE,2024-02-02,4
NO SE ENCUENTRA CODIGO AFP,2024-02-02,1
NO PROCESADO MEDIPASS,2024-02-02,65
NO HAY IMAGENES PARA DESCARGAR,2024-02-02,6
FECHA CONTRATO TRABAJO EQ FECHA AFILIACION ENTIDAD PREVISIONAL,2024-02-01,2
NO PROCESADO MEDIPASS,2024-02-01,116
NO IMAGENES CON API,2024-02-01,48
FALTA COTIZ. SALUD,2024-02-01,14
NO HAY IMAGENES PARA DESCARGAR,2024-02-01,10
COTIZ < LIQ DE SUELDO,2024-02-01,81
RENTA = TOPE,2024-02-01,12
NO SE ENCUENTRA CODIGO AFP,2024-01-31,1
NO IMAGENES CON API,2024-01-31,1
RENTA = TOPE,2024-01-31,4
FALTA COTIZ. SALUD,2024-01-31,5
COTIZ < LIQ DE SUELDO,2024-01-31,23
NO PROCESADO MEDIPASS,2024-01-31,45
NO HAY IMAGENES PARA DESCARGAR,2024-01-31,4
COTIZ < LIQ DE SUELDO,2024-01-30,60
NO SE ENCUENTRA CODIGO AFP,2024-01-30,1
NO PROCESADO MEDIPASS,2024-01-30,93
NO IMAGENES CON API,2024-01-30,2
NO HAY IMAGENES PARA DESCARGAR,2024-01-30,6
RENTA = TOPE,2024-01-30,6
FALTA COTIZ. SALUD,2024-01-30,8
NO IMAGENES CON API,2024-01-29,4
NO PROCESADO MEDIPASS,2024-01-29,86
NO HAY IMAGENES PARA DESCARGAR,2024-01-29,3
RENTA = TOPE,2024-01-29,15
NO SE ENCUENTRA CODIGO AFP,2024-01-29,1
COTIZ < LIQ DE SUELDO,2024-01-29,45
FALTA COTIZ. SALUD,2024-01-29,7
NO SE ENCUENTRA CODIGO AFP,2024-01-26,1
RENTA = TOPE,2024-01-26,4
NO SE ENCUENTRAN MESES CON DIAS TRABAJADOS,2024-01-26,1
FALTA COTIZ. SALUD,2024-01-26,12
NO HAY IMAGENES PARA DESCARGAR,2024-01-26,8
NO PROCESADO MEDIPASS,2024-01-26,82
FECHA CONTRATO TRABAJO EQ FECHA AFILIACION ENTIDAD PREVISIONAL,2024-01-26,3
COTIZ < LIQ DE SUELDO,2024-01-26,69
NO HAY IMAGENES PARA DESCARGAR,2024-01-25,10
NO PROCESADO MEDIPASS,2024-01-25,91
NO IMAGENES CON API,2024-01-25,3
COTIZ < LIQ DE SUELDO,2024-01-25,85
RENTA = TOPE,2024-01-25,4
FALTA COTIZ. SALUD,2024-01-25,17
NO SE ENCUENTRA CODIGO AFP,2024-01-25,1
COTIZ < LIQ DE SUELDO,2024-01-24,67
FALTA COTIZ. SALUD,2024-01-24,10
NO HAY IMAGENES PARA DESCARGAR,2024-01-24,12
FECHA CONTRATO TRABAJO EQ FECHA AFILIACION ENTIDAD PREVISIONAL,2024-01-24,2
NO SE ENCUENTRA CODIGO AFP,2024-01-24,1
NO PROCESADO MEDIPASS,2024-01-24,97
NO IMAGENES CON API,2024-01-24,1
RENTA = TOPE,2024-01-24,7
FALTA COTIZ. SALUD,2024-01-23,12
COTIZ < LIQ DE SUELDO,2024-01-23,60
RENTA = TOPE,2024-01-23,1
NO IMAGENES CON API,2024-01-23,52
NO PROCESADO MEDIPASS,2024-01-23,96
NO HAY IMAGENES PARA DESCARGAR,2024-01-23,3
NO SE ENCUENTRA CODIGO AFP,2024-01-22,1
FECHA CONTRATO TRABAJO EQ FECHA AFILIACION ENTIDAD PREVISIONAL,2024-01-22,2
NO PROCESADO MEDIPASS,2024-01-22,90
NO HAY IMAGENES PARA DESCARGAR,2024-01-22,8
FALTA COTIZ. SALUD,2024-01-22,14
RENTA = TOPE,2024-01-22,2
NO IMAGENES CON API,2024-01-22,18
COTIZ < LIQ DE SUELDO,2024-01-22,52
NO PROCESADO MEDIPASS,2024-01-21,10
COTIZ < LIQ DE SUELDO,2024-01-21,2
NO PROCESADO MEDIPASS,2024-01-20,2
FALTA COTIZ. SALUD,2024-01-19,13
NO HAY IMAGENES PARA DESCARGAR,2024-01-19,10
NO SE ENCUENTRA CODIGO AFP,2024-01-19,1
RENTA = TOPE,2024-01-19,5
COTIZ < LIQ DE SUELDO,2024-01-19,72
NO PROCESADO MEDIPASS,2024-01-19,102
RENTA = TOPE,2024-01-18,5
NO PROCESADO MEDIPASS,2024-01-18,130
FALTA COTIZ. SALUD,2024-01-18,22
COTIZ < LIQ DE SUELDO,2024-01-18,94
NO IMAGENES CON API,2024-01-18,3
FECHA CONTRATO TRABAJO EQ FECHA AFILIACION ENTIDAD PREVISIONAL,2024-01-18,1
NO HAY IMAGENES PARA DESCARGAR,2024-01-18,9
RENTA = TOPE,2024-01-17,7
NO PROCESADO MEDIPASS,2024-01-17,78
FALTA COTIZ. SALUD,2024-01-17,16
COTIZ < LIQ DE SUELDO,2024-01-17,54
NO HAY IMAGENES PARA DESCARGAR,2024-01-17,7
NO HAY IMAGENES PARA DESCARGAR,2024-01-16,8
FALTA COTIZ. SALUD,2024-01-16,14
NO IMAGENES CON API,2024-01-16,3
COTIZ < LIQ DE SUELDO,2024-01-16,87
NO PROCESADO MEDIPASS,2024-01-16,102
NO SE ENCUENTRAN MESES CON DIAS TRABAJADOS,2024-01-16,1
RENTA = TOPE,2024-01-16,12
FECHA CONTRATO TRABAJO EQ FECHA AFILIACION ENTIDAD PREVISIONAL,2024-01-16,1
FALTA COTIZ. SALUD,2024-01-15,32
FECHA CONTRATO TRABAJO EQ FECHA AFILIACION ENTIDAD PREVISIONAL,2024-01-15,1
NO PROCESADO MEDIPASS,2024-01-15,102
NO HAY IMAGENES PARA DESCARGAR,2024-01-15,8
RENTA = TOPE,2024-01-15,11
COTIZ < LIQ DE SUELDO,2024-01-15,80
NO PROCESADO MEDIPASS,2024-01-14,3
COTIZ < LIQ DE SUELDO,2024-01-14,1
RENTA = TOPE,2024-01-14,1
NO HAY IMAGENES PARA DESCARGAR,2024-01-13,1
NO PROCESADO MEDIPASS,2024-01-13,4
COTIZ < LIQ DE SUELDO,2024-01-13,2
FALTA COTIZ. SALUD,2024-01-12,20
NO HAY IMAGENES PARA DESCARGAR,2024-01-12,15
NO PROCESADO MEDIPASS,2024-01-12,86
RENTA = TOPE,2024-01-12,12
FECHA CONTRATO TRABAJO EQ FECHA AFILIACION ENTIDAD PREVISIONAL,2024-01-12,1
COTIZ < LIQ DE SUELDO,2024-01-12,33
NO SE ENCUENTRAN MESES CON DIAS TRABAJADOS,2024-01-11,1
COTIZ < LIQ DE SUELDO,2024-01-11,49
NO HAY IMAGENES PARA DESCARGAR,2024-01-11,5
NO PROCESADO MEDIPASS,2024-01-11,131
NO IMAGENES CON API,2024-01-11,2
RENTA = TOPE,2024-01-11,17
FALTA COTIZ. SALUD,2024-01-11,37
FECHA CONTRATO TRABAJO EQ FECHA AFILIACION ENTIDAD PREVISIONAL,2024-01-11,1
RENTA = TOPE,2024-01-10,9
FALTA COTIZ. SALUD,2024-01-10,30
NO HAY IMAGENES PARA DESCARGAR,2024-01-10,16
NO PROCESADO MEDIPASS,2024-01-10,114
FECHA CONTRATO TRABAJO EQ FECHA AFILIACION ENTIDAD PREVISIONAL,2024-01-10,1
COTIZ < LIQ DE SUELDO,2024-01-10,41
NO DERECHO A PAGO SUBSIDIO,2024-01-10,1
RENTA = TOPE,2024-01-09,20
COTIZ < LIQ DE SUELDO,2024-01-09,45
NO HAY IMAGENES PARA DESCARGAR,2024-01-09,6
NO IMAGENES CON API,2024-01-09,1
FALTA COTIZ. SALUD,2024-01-09,37
FECHA CONTRATO TRABAJO EQ FECHA AFILIACION ENTIDAD PREVISIONAL,2024-01-09,2
NO PROCESADO MEDIPASS,2024-01-09,136
NO PROCESADO MEDIPASS,2024-01-08,119
FALTA COTIZ. SALUD,2024-01-08,37
NO IMAGENES CON API,2024-01-08,1
RENTA = TOPE,2024-01-08,14
NO HAY IMAGENES PARA DESCARGAR,2024-01-08,14
COTIZ < LIQ DE SUELDO,2024-01-08,39
NO PROCESADO MEDIPASS,2024-01-07,1
RENTA = TOPE,2024-01-05,6
NO HAY IMAGENES PARA DESCARGAR,2024-01-05,4
COTIZ < LIQ DE SUELDO,2024-01-05,27
NO PROCESADO MEDIPASS,2024-01-05,88
FALTA COTIZ. SALUD,2024-01-05,21
NO IMAGENES CON API,2024-01-05,93
NO HAY IMAGENES PARA DESCARGAR,2024-01-04,19
RENTA = TOPE,2024-01-04,15
NO IMAGENES CON API,2024-01-04,34
COTIZ < LIQ DE SUELDO,2024-01-04,54
FALTA COTIZ. SALUD,2024-01-04,41
FECHA CONTRATO TRABAJO EQ FECHA AFILIACION ENTIDAD PREVISIONAL,2024-01-04,1
NO PROCESADO MEDIPASS,2024-01-04,101
NO IMAGENES CON API,2024-01-03,5
FALTA COTIZ. SALUD,2024-01-03,18
NO HAY IMAGENES PARA DESCARGAR,2024-01-03,6
COTIZ < LIQ DE SUELDO,2024-01-03,37
NO PROCESADO MEDIPASS,2024-01-03,102
RENTA = TOPE,2024-01-03,18
RENTA = TOPE,2024-01-02,22
COTIZ < LIQ DE SUELDO,2024-01-02,73
NO IMAGENES CON API,2024-01-02,52
FECHA CONTRATO TRABAJO EQ FECHA AFILIACION ENTIDAD PREVISIONAL,2024-01-02,2
NO PROCESADO MEDIPASS,2024-01-02,161
FALTA COTIZ. SALUD,2024-01-02,19
NO HAY IMAGENES PARA DESCARGAR,2024-01-02,22
FALTA COTIZ. SALUD,2024-01-01,1
COTIZ < LIQ DE SUELDO,2024-01-01,1
NO PROCESADO MEDIPASS,2023-12-31,4
RENTA = TOPE,2023-12-31,1
COTIZ < LIQ DE SUELDO,2023-12-30,1
NO PROCESADO MEDIPASS,2023-12-30,3
COTIZ < LIQ DE SUELDO,2023-12-29,19
RENTA = TOPE,2023-12-29,3
NO HAY IMAGENES PARA DESCARGAR,2023-12-29,3
FALTA COTIZ. SALUD,2023-12-29,5
NO DERECHO A PAGO SUBSIDIO,2023-12-29,1
NO IMAGENES CON API,2023-12-29,1
NO PROCESADO MEDIPASS,2023-12-29,38
NO PROCESADO MEDIPASS,2023-12-28,131
NO HAY IMAGENES PARA DESCARGAR,2023-12-28,15
COTIZ < LIQ DE SUELDO,2023-12-28,58
FALTA COTIZ. SALUD,2023-12-28,14
RENTA = TOPE,2023-12-28,17
NO IMAGENES CON API,2023-12-28,2
NO SE ENCUENTRAN MESES CON DIAS TRABAJADOS,2023-12-27,1
NO IMAGENES CON API,2023-12-27,1
FALTA COTIZ. SALUD,2023-12-27,10
RENTA = TOPE,2023-12-27,16
NO PROCESADO MEDIPASS,2023-12-27,137
NO HAY IMAGENES PARA DESCARGAR,2023-12-27,11
COTIZ < LIQ DE SUELDO,2023-12-27,77
NO PROCESADO MEDIPASS,2023-12-26,142
NO SE ENCUENTRAN MESES CON DIAS TRABAJADOS,2023-12-26,1
COTIZ < LIQ DE SUELDO,2023-12-26,63
FALTA COTIZ. SALUD,2023-12-26,13
NO HAY IMAGENES PARA DESCARGAR,2023-12-26,13
NO IMAGENES CON API,2023-12-26,54
RENTA = TOPE,2023-12-26,8
RENTA = TOPE,2023-12-25,1
COTIZ < LIQ DE SUELDO,2023-12-25,1
NO PROCESADO MEDIPASS,2023-12-25,12
FALTA COTIZ. SALUD,2023-12-25,1
NO IMAGENES CON API,2023-12-23,1
NO IMAGENES CON API,2023-12-22,2
NO PROCESADO MEDIPASS,2023-12-22,119
FALTA COTIZ. SALUD,2023-12-22,5
NO HAY IMAGENES PARA DESCARGAR,2023-12-22,10
COTIZ < LIQ DE SUELDO,2023-12-22,53
RENTA = TOPE,2023-12-22,8
COTIZ < LIQ DE SUELDO,2023-12-21,62
RENTA = TOPE,2023-12-21,10
FALTA COTIZ. SALUD,2023-12-21,12
NO HAY IMAGENES PARA DESCARGAR,2023-12-21,14
NO SE ENCUENTRAN MESES CON DIAS TRABAJADOS,2023-12-21,1
NO IMAGENES CON API,2023-12-21,1
NO PROCESADO MEDIPASS,2023-12-21,118
NO PROCESADO MEDIPASS,2023-12-20,170
RENTA = TOPE,2023-12-20,11
NO HAY IMAGENES PARA DESCARGAR,2023-12-20,32
FALTA COTIZ. SALUD,2023-12-20,13
NO SE ENCUENTRAN MESES CON DIAS TRABAJADOS,2023-12-20,1
COTIZ < LIQ DE SUELDO,2023-12-20,75
NO IMAGENES CON API,2023-12-19,2
COTIZ < LIQ DE SUELDO,2023-12-19,65
NO HAY IMAGENES PARA DESCARGAR,2023-12-19,10
FALTA COTIZ. SALUD,2023-12-19,9
RENTA = TOPE,2023-12-19,13
NO PROCESADO MEDIPASS,2023-12-19,145
NO HAY IMAGENES PARA DESCARGAR,2023-12-18,13
COTIZ < LIQ DE SUELDO,2023-12-18,58
NO PROCESADO MEDIPASS,2023-12-18,126
RENTA = TOPE,2023-12-18,28
NO IMAGENES CON API,2023-12-18,3
FALTA COTIZ. SALUD,2023-12-18,17
NO HAY IMAGENES PARA DESCARGAR,2023-12-15,11
FECHA CONTRATO TRABAJO EQ FECHA AFILIACION ENTIDAD PREVISIONAL,2023-12-15,1
COTIZ < LIQ DE SUELDO,2023-12-15,67
RENTA = TOPE,2023-12-15,13
FALTA COTIZ. SALUD,2023-12-15,23
NO PROCESADO MEDIPASS,2023-12-15,156
NO HAY IMAGENES PARA DESCARGAR,2023-12-14,10
COTIZ < LIQ DE SUELDO,2023-12-14,71
FECHA CONTRATO TRABAJO EQ FECHA AFILIACION ENTIDAD PREVISIONAL,2023-12-14,1
RENTA = TOPE,2023-12-14,13
NO PROCESADO MEDIPASS,2023-12-14,150
FALTA COTIZ. SALUD,2023-12-14,44
COTIZ < LIQ DE SUELDO,2023-12-13,54
NO PROCESADO MEDIPASS,2023-12-13,107
NO HAY IMAGENES PARA DESCARGAR,2023-12-13,8
NO IMAGENES CON API,2023-12-13,84
FALTA COTIZ. SALUD,2023-12-13,28
RENTA = TOPE,2023-12-13,14
FALTA COTIZ. SALUD,2023-12-12,56
COTIZ < LIQ DE SUELDO,2023-12-12,74
NO PROCESADO MEDIPASS,2023-12-12,160
FECHA CONTRATO TRABAJO EQ FECHA AFILIACION ENTIDAD PREVISIONAL,2023-12-12,2
NO HAY IMAGENES PARA DESCARGAR,2023-12-12,15
NO SE ENCUENTRAN MESES CON DIAS TRABAJADOS,2023-12-12,1
NO IMAGENES CON API,2023-12-12,8
RENTA = TOPE,2023-12-12,14
NO DERECHO A PAGO SUBSIDIO,2023-12-11,1
COTIZ < LIQ DE SUELDO,2023-12-11,74
NO HAY IMAGENES PARA DESCARGAR,2023-12-11,6
FECHA CONTRATO TRABAJO EQ FECHA AFILIACION ENTIDAD PREVISIONAL,2023-12-11,1
NO PROCESADO MEDIPASS,2023-12-11,128
FALTA COTIZ. SALUD,2023-12-11,65
RENTA = TOPE,2023-12-11,19
NO IMAGENES CON API,2023-12-11,57
NO PROCESADO MEDIPASS,2023-12-10,3
FALTA COTIZ. SALUD,2023-12-09,1
COTIZ < LIQ DE SUELDO,2023-12-09,1
FALTA COTIZ. SALUD,2023-12-08,1
NO HAY IMAGENES PARA DESCARGAR,2023-12-07,14
RENTA = TOPE,2023-12-07,19
FECHA CONTRATO TRABAJO EQ FECHA AFILIACION ENTIDAD PREVISIONAL,2023-12-07,1
NO PROCESADO MEDIPASS,2023-12-07,165
FALTA COTIZ. SALUD,2023-12-07,59
COTIZ < LIQ DE SUELDO,2023-12-07,64
COTIZ < LIQ DE SUELDO,2023-12-06,105
NO HAY IMAGENES PARA DESCARGAR,2023-12-06,13
NO PROCESADO MEDIPASS,2023-12-06,160
NO SE ENCUENTRAN MESES CON DIAS TRABAJADOS,2023-12-06,1
RENTA = TOPE,2023-12-06,22
FALTA COTIZ. SALUD,2023-12-06,76
NO PROCESADO MEDIPASS,2023-12-05,172
COTIZ < LIQ DE SUELDO,2023-12-05,66
FALTA COTIZ. SALUD,2023-12-05,49
NO IMAGENES CON API,2023-12-05,1
FECHA CONTRATO TRABAJO EQ FECHA AFILIACION ENTIDAD PREVISIONAL,2023-12-05,1
RENTA = TOPE,2023-12-05,11
NO HAY IMAGENES PARA DESCARGAR,2023-12-05,9
RENTA = TOPE,2023-12-04,15
COTIZ < LIQ DE SUELDO,2023-12-04,81
FALTA COTIZ. SALUD,2023-12-04,23
FECHA CONTRATO TRABAJO EQ FECHA AFILIACION ENTIDAD PREVISIONAL,2023-12-04,2
NO HAY IMAGENES PARA DESCARGAR,2023-12-04,7
NO PROCESADO MEDIPASS,2023-12-04,168
NO PROCESADO MEDIPASS,2023-12-03,1
NO PROCESADO MEDIPASS,2023-12-02,2
NO PROCESADO MEDIPASS,2023-12-01,186
NO SE ENCUENTRAN MESES CON DIAS TRABAJADOS,2023-12-01,1
RENTA = TOPE,2023-12-01,18
COTIZ < LIQ DE SUELDO,2023-12-01,100
FECHA CONTRATO TRABAJO EQ FECHA AFILIACION ENTIDAD PREVISIONAL,2023-12-01,2
FALTA COTIZ. SALUD,2023-12-01,33
NO IMAGENES CON API,2023-12-01,48
NO HAY IMAGENES PARA DESCARGAR,2023-12-01,14
FALTA COTIZ. SALUD,2023-11-30,10
NO PROCESADO MEDIPASS,2023-11-30,72
NO IMAGENES CON API,2023-11-30,4
COTIZ < LIQ DE SUELDO,2023-11-30,40
NO HAY IMAGENES PARA DESCARGAR,2023-11-30,9
RENTA = TOPE,2023-11-30,11
RENTA = TOPE,2023-11-29,8
FECHA CONTRATO TRABAJO EQ FECHA AFILIACION ENTIDAD PREVISIONAL,2023-11-29,1
NO PROCESADO MEDIPASS,2023-11-29,141
FALTA COTIZ. SALUD,2023-11-29,30
NO HAY IMAGENES PARA DESCARGAR,2023-11-29,15
COTIZ < LIQ DE SUELDO,2023-11-29,71
FECHA CONTRATO TRABAJO EQ FECHA AFILIACION ENTIDAD PREVISIONAL,2023-11-28,1
NO PROCESADO MEDIPASS,2023-11-28,149
NO HAY IMAGENES PARA DESCARGAR,2023-11-28,15
FALTA COTIZ. SALUD,2023-11-28,18
RENTA = TOPE,2023-11-28,21
COTIZ < LIQ DE SUELDO,2023-11-28,70
NO PROCESADO MEDIPASS,2023-11-27,172
COTIZ < LIQ DE SUELDO,2023-11-27,94
FALTA COTIZ. SALUD,2023-11-27,25
NO IMAGENES CON API,2023-11-27,54
RENTA = TOPE,2023-11-27,20
NO SE ENCUENTRA CODIGO AFP,2023-11-27,1
NO HAY IMAGENES PARA DESCARGAR,2023-11-27,9
FECHA CONTRATO TRABAJO EQ FECHA AFILIACION ENTIDAD PREVISIONAL,2023-11-27,2
NO PROCESADO MEDIPASS,2023-11-26,1
FALTA COTIZ. SALUD,2023-11-26,1
COTIZ < LIQ DE SUELDO,2023-11-25,1
NO PROCESADO MEDIPASS,2023-11-25,3
RENTA = TOPE,2023-11-24,21
NO PROCESADO MEDIPASS,2023-11-24,149
COTIZ < LIQ DE SUELDO,2023-11-24,84
NO HAY IMAGENES PARA DESCARGAR,2023-11-24,2
NO SE ENCUENTRAN MESES CON DIAS TRABAJADOS,2023-11-24,2
FALTA COTIZ. SALUD,2023-11-24,26
FALTA COTIZ. SALUD,2023-11-23,47
NO PROCESADO MEDIPASS,2023-11-23,170
NO HAY IMAGENES PARA DESCARGAR,2023-11-23,12
FECHA CONTRATO TRABAJO EQ FECHA AFILIACION ENTIDAD PREVISIONAL,2023-11-23,1
RENTA = TOPE,2023-11-23,18
COTIZ < LIQ DE SUELDO,2023-11-23,78
FALTA COTIZ. SALUD,2023-11-22,51
COTIZ < LIQ DE SUELDO,2023-11-22,114
NO IMAGENES CON API,2023-11-22,1
NO PROCESADO MEDIPASS,2023-11-22,187
NO HAY IMAGENES PARA DESCARGAR,2023-11-22,9
RENTA = TOPE,2023-11-22,16
RENTA = TOPE,2023-11-21,11
COTIZ < LIQ DE SUELDO,2023-11-21,61
NO IMAGENES CON API,2023-11-21,13
FALTA COTIZ. SALUD,2023-11-21,39
NO PROCESADO MEDIPASS,2023-11-21,144
NO HAY IMAGENES PARA DESCARGAR,2023-11-21,6
FALTA COTIZ. SALUD,2023-11-20,45
NO IMAGENES CON API,2023-11-20,50
RENTA = TOPE,2023-11-20,9
NO PROCESADO MEDIPASS,2023-11-20,201
COTIZ < LIQ DE SUELDO,2023-11-20,114
NO SE ENCUENTRA CODIGO AFP,2023-11-20,1
FECHA CONTRATO TRABAJO EQ FECHA AFILIACION ENTIDAD PREVISIONAL,2023-11-20,1
NO HAY IMAGENES PARA DESCARGAR,2023-11-20,11
NO PROCESADO MEDIPASS,2023-11-19,2
NO PROCESADO MEDIPASS,2023-11-17,128
COTIZ < LIQ DE SUELDO,2023-11-17,87
FECHA CONTRATO TRABAJO EQ FECHA AFILIACION ENTIDAD PREVISIONAL,2023-11-17,1
NO SE ENCUENTRA CODIGO AFP,2023-11-17,1
RENTA = TOPE,2023-11-17,7
NO HAY IMAGENES PARA DESCARGAR,2023-11-17,10
FALTA COTIZ. SALUD,2023-11-17,31
NO IMAGENES CON API,2023-11-17,72
FECHA CONTRATO TRABAJO EQ FECHA AFILIACION ENTIDAD PREVISIONAL,2023-11-16,1
NO HAY IMAGENES PARA DESCARGAR,2023-11-16,6
FALTA COTIZ. SALUD,2023-11-16,21
RENTA = TOPE,2023-11-16,9
NO IMAGENES CON API,2023-11-16,150
NO PROCESADO MEDIPASS,2023-11-16,124
COTIZ < LIQ DE SUELDO,2023-11-16,77
RENTA = TOPE,2023-11-15,9
NO IMAGENES CON API,2023-11-15,18
NO PROCESADO MEDIPASS,2023-11-15,170
NO SE ENCUENTRAN MESES CON DIAS TRABAJADOS,2023-11-15,2
FALTA COTIZ. SALUD,2023-11-15,47
NO HAY IMAGENES PARA DESCARGAR,2023-11-15,7
FECHA CONTRATO TRABAJO EQ FECHA AFILIACION ENTIDAD PREVISIONAL,2023-11-15,1
COTIZ < LIQ DE SUELDO,2023-11-15,88
NO HAY IMAGENES PARA DESCARGAR,2023-11-14,13
COTIZ < LIQ DE SUELDO,2023-11-14,84
FECHA CONTRATO TRABAJO EQ FECHA AFILIACION ENTIDAD PREVISIONAL,2023-11-14,2
FALTA COTIZ. SALUD,2023-11-14,37
NO IMAGENES CON API,2023-11-14,2
NO PROCESADO MEDIPASS,2023-11-14,215
RENTA = TOPE,2023-11-14,10
RENTA = TOPE,2023-11-13,10
NO HAY IMAGENES PARA DESCARGAR,2023-11-13,22
FALTA COTIZ. SALUD,2023-11-13,55
COTIZ < LIQ DE SUELDO,2023-11-13,83
NO IMAGENES CON API,2023-11-13,41
FECHA CONTRATO TRABAJO EQ FECHA AFILIACION ENTIDAD PREVISIONAL,2023-11-13,1
NO PROCESADO MEDIPASS,2023-11-13,176
COTIZ < LIQ DE SUELDO,2023-11-12,10
NO HAY IMAGENES PARA DESCARGAR,2023-11-12,3
NO PROCESADO MEDIPASS,2023-11-12,9
FALTA COTIZ. SALUD,2023-11-12,2
FALTA COTIZ. SALUD,2023-11-11,1
RENTA = TOPE,2023-11-10,8
FECHA CONTRATO TRABAJO EQ FECHA AFILIACION ENTIDAD PREVISIONAL,2023-11-10,3
FALTA COTIZ. SALUD,2023-11-10,64
NO HAY IMAGENES PARA DESCARGAR,2023-11-10,19
COTIZ < LIQ DE SUELDO,2023-11-10,66
NO PROCESADO MEDIPASS,2023-11-10,161
NO PROCESADO MEDIPASS,2023-11-09,154
COTIZ < LIQ DE SUELDO,2023-11-09,85
NO IMAGENES CON API,2023-11-09,1
FALTA COTIZ. SALUD,2023-11-09,67
NO HAY IMAGENES PARA DESCARGAR,2023-11-09,24
RENTA = TOPE,2023-11-09,9
NO SE ENCUENTRA CODIGO AFP,2023-11-08,1
FECHA CONTRATO TRABAJO EQ FECHA AFILIACION ENTIDAD PREVISIONAL,2023-11-08,3
NO PROCESADO MEDIPASS,2023-11-08,187
FALTA COTIZ. SALUD,2023-11-08,79
NO HAY IMAGENES PARA DESCARGAR,2023-11-08,21
COTIZ < LIQ DE SUELDO,2023-11-08,97
NO SE ENCUENTRAN MESES CON DIAS TRABAJADOS,2023-11-08,1
RENTA = TOPE,2023-11-08,16
NO IMAGENES CON API,2023-11-08,1
FALTA COTIZ. SALUD,2023-11-07,73
NO HAY IMAGENES PARA DESCARGAR,2023-11-07,45
RENTA = TOPE,2023-11-07,13
COTIZ < LIQ DE SUELDO,2023-11-07,102
FECHA CONTRATO TRABAJO EQ FECHA AFILIACION ENTIDAD PREVISIONAL,2023-11-07,1
NO PROCESADO MEDIPASS,2023-11-07,207
NO IMAGENES CON API,2023-11-07,1
FALTA COTIZ. SALUD,2023-11-06,47
FECHA CONTRATO TRABAJO EQ FECHA AFILIACION ENTIDAD PREVISIONAL,2023-11-06,2
RENTA = TOPE,2023-11-06,15
NO SE ENCUENTRAN MESES CON DIAS TRABAJADOS,2023-11-06,1
NO HAY IMAGENES PARA DESCARGAR,2023-11-06,9
NO IMAGENES CON API,2023-11-06,45
COTIZ < LIQ DE SUELDO,2023-11-06,97
NO PROCESADO MEDIPASS,2023-11-06,139
NO PROCESADO MEDIPASS,2023-11-05,2
NO HAY IMAGENES PARA DESCARGAR,2023-11-04,1
RENTA = TOPE,2023-11-03,25
NO SE ENCUENTRA CODIGO AFP,2023-11-03,1
COTIZ < LIQ DE SUELDO,2023-11-03,71
FECHA CONTRATO TRABAJO EQ FECHA AFILIACION ENTIDAD PREVISIONAL,2023-11-03,1
NO PROCESADO MEDIPASS,2023-11-03,132
FALTA COTIZ. SALUD,2023-11-03,38
NO HAY IMAGENES PARA DESCARGAR,2023-11-03,12
FALTA COTIZ. SALUD,2023-11-02,35
FECHA CONTRATO TRABAJO EQ FECHA AFILIACION ENTIDAD PREVISIONAL,2023-11-02,2
NO PROCESADO MEDIPASS,2023-11-02,225
NO IMAGENES CON API,2023-11-02,46
COTIZ < LIQ DE SUELDO,2023-11-02,109
NO HAY IMAGENES PARA DESCARGAR,2023-11-02,12
RENTA = TOPE,2023-11-02,36
NO PROCESADO MEDIPASS,2023-11-01,2
FALTA COTIZ. SALUD,2023-11-01,1
RENTA = TOPE,2023-10-31,4
COTIZ < LIQ DE SUELDO,2023-10-31,22
NO IMAGENES CON API,2023-10-31,1
FALTA COTIZ. SALUD,2023-10-31,13
NO PROCESADO MEDIPASS,2023-10-31,81
NO HAY IMAGENES PARA DESCARGAR,2023-10-31,6
NO HAY IMAGENES PARA DESCARGAR,2023-10-30,11
NO IMAGENES CON API,2023-10-30,47
RENTA = TOPE,2023-10-30,17
FALTA COTIZ. SALUD,2023-10-30,15
NO PROCESADO MEDIPASS,2023-10-30,151
COTIZ < LIQ DE SUELDO,2023-10-30,33
FALTA COTIZ. SALUD,2023-10-29,2
NO PROCESADO MEDIPASS,2023-10-29,7
FALTA COTIZ. SALUD,2023-10-28,1
NO PROCESADO MEDIPASS,2023-10-28,1
NO IMAGENES CON API,2023-10-27,1
COTIZ < LIQ DE SUELDO,2023-10-27,1
FALTA COTIZ. SALUD,2023-10-26,23
NO PROCESADO MEDIPASS,2023-10-26,151
RENTA = TOPE,2023-10-26,16
COTIZ < LIQ DE SUELDO,2023-10-26,64
NO IMAGENES CON API,2023-10-26,1
NO HAY IMAGENES PARA DESCARGAR,2023-10-26,11
NO DERECHO A PAGO SUBSIDIO,2023-10-26,1
NO PROCESADO MEDIPASS,2023-10-25,127
FALTA COTIZ. SALUD,2023-10-25,15
COTIZ < LIQ DE SUELDO,2023-10-25,59
FECHA CONTRATO TRABAJO EQ FECHA AFILIACION ENTIDAD PREVISIONAL,2023-10-25,1
NO HAY IMAGENES PARA DESCARGAR,2023-10-25,3
RENTA = TOPE,2023-10-25,9
FECHA CONTRATO TRABAJO EQ FECHA AFILIACION ENTIDAD PREVISIONAL,2023-10-24,1
NO IMAGENES CON API,2023-10-24,1
NO PROCESADO MEDIPASS,2023-10-24,204
FALTA COTIZ. SALUD,2023-10-24,27
COTIZ < LIQ DE SUELDO,2023-10-24,83
NO HAY IMAGENES PARA DESCARGAR,2023-10-24,3
RENTA = TOPE,2023-10-24,16
FALTA COTIZ. SALUD,2023-10-23,24
NO HAY IMAGENES PARA DESCARGAR,2023-10-23,8
COTIZ < LIQ DE SUELDO,2023-10-23,95
NO SE ENCUENTRA CODIGO AFP,2023-10-23,1
NO PROCESADO MEDIPASS,2023-10-23,178
RENTA = TOPE,2023-10-23,16
NO IMAGENES CON API,2023-10-23,1
FECHA CONTRATO TRABAJO EQ FECHA AFILIACION ENTIDAD PREVISIONAL,2023-10-23,2
NO PROCESADO MEDIPASS,2023-10-22,1
NO HAY IMAGENES PARA DESCARGAR,2023-10-20,16
NO PROCESADO MEDIPASS,2023-10-20,166
COTIZ < LIQ DE SUELDO,2023-10-20,72
FALTA COTIZ. SALUD,2023-10-20,10
FECHA CONTRATO TRABAJO EQ FECHA AFILIACION ENTIDAD PREVISIONAL,2023-10-20,1
RENTA = TOPE,2023-10-20,25
NO IMAGENES CON API,2023-10-19,1
COTIZ < LIQ DE SUELDO,2023-10-19,74
RENTA = TOPE,2023-10-19,20
NO DERECHO A PAGO SUBSIDIO,2023-10-19,1
FECHA CONTRATO TRABAJO EQ FECHA AFILIACION ENTIDAD PREVISIONAL,2023-10-19,4
NO PROCESADO MEDIPASS,2023-10-19,150
NO HAY IMAGENES PARA DESCARGAR,2023-10-19,21
FALTA COTIZ. SALUD,2023-10-19,26
NO PROCESADO MEDIPASS,2023-10-18,190
NO SE ENCUENTRA CODIGO AFP,2023-10-18,1
FECHA CONTRATO TRABAJO EQ FECHA AFILIACION ENTIDAD PREVISIONAL,2023-10-18,1
NO HAY IMAGENES PARA DESCARGAR,2023-10-18,15
RENTA = TOPE,2023-10-18,21
COTIZ < LIQ DE SUELDO,2023-10-18,103
FALTA COTIZ. SALUD,2023-10-18,23
FALTA COTIZ. SALUD,2023-10-17,29
NO SE ENCUENTRAN MESES CON DIAS TRABAJADOS,2023-10-17,1
RENTA = TOPE,2023-10-17,17
FECHA CONTRATO TRABAJO EQ FECHA AFILIACION ENTIDAD PREVISIONAL,2023-10-17,1
NO PROCESADO MEDIPASS,2023-10-17,170
COTIZ < LIQ DE SUELDO,2023-10-17,108
NO HAY IMAGENES PARA DESCARGAR,2023-10-17,11
NO DERECHO A PAGO SUBSIDIO,2023-10-17,1
RENTA = TOPE,2023-10-16,19
NO PROCESADO MEDIPASS,2023-10-16,159
FALTA COTIZ. SALUD,2023-10-16,51
COTIZ < LIQ DE SUELDO,2023-10-16,91
NO HAY IMAGENES PARA DESCARGAR,2023-10-16,10
FECHA CONTRATO TRABAJO EQ FECHA AFILIACION ENTIDAD PREVISIONAL,2023-10-16,2
NO SE ENCUENTRA CODIGO AFP,2023-10-16,1
NO PROCESADO MEDIPASS,2023-10-15,1
RENTA = TOPE,2023-10-13,10
COTIZ < LIQ DE SUELDO,2023-10-13,71
FECHA CONTRATO TRABAJO EQ FECHA AFILIACION ENTIDAD PREVISIONAL,2023-10-13,1
FALTA COTIZ. SALUD,2023-10-13,37
NO HAY IMAGENES PARA DESCARGAR,2023-10-13,17
NO IMAGENES CON API,2023-10-13,1
NO PROCESADO MEDIPASS,2023-10-13,162
FECHA CONTRATO TRABAJO EQ FECHA AFILIACION ENTIDAD PREVISIONAL,2023-10-12,1
COTIZ < LIQ DE SUELDO,2023-10-12,79
FALTA COTIZ. SALUD,2023-10-12,59
NO HAY IMAGENES PARA DESCARGAR,2023-10-12,9
RENTA = TOPE,2023-10-12,31
NO IMAGENES CON API,2023-10-12,2
NO PROCESADO MEDIPASS,2023-10-12,160
NO SE ENCUENTRA CODIGO AFP,2023-10-12,1
COTIZ < LIQ DE SUELDO,2023-10-11,85
NO HAY IMAGENES PARA DESCARGAR,2023-10-11,15
FALTA COTIZ. SALUD,2023-10-11,88
RENTA = TOPE,2023-10-11,33
NO SE ENCUENTRAN MESES CON DIAS TRABAJADOS,2023-10-11,1
NO IMAGENES CON API,2023-10-11,6
NO PROCESADO MEDIPASS,2023-10-11,205
NO PROCESADO MEDIPASS,2023-10-10,200
COTIZ < LIQ DE SUELDO,2023-10-10,84
RENTA = TOPE,2023-10-10,17
FALTA COTIZ. SALUD,2023-10-10,81
NO HAY IMAGENES PARA DESCARGAR,2023-10-10,17
FECHA CONTRATO TRABAJO EQ FECHA AFILIACION ENTIDAD PREVISIONAL,2023-10-10,3
NO PROCESADO MEDIPASS,2023-10-09,5
COTIZ < LIQ DE SUELDO,2023-10-09,1
FALTA COTIZ. SALUD,2023-10-09,2
NO PROCESADO MEDIPASS,2023-10-08,2
COTIZ < LIQ DE SUELDO,2023-10-07,1
FALTA COTIZ. SALUD,2023-10-07,1
FALTA COTIZ. SALUD,2023-10-06,59
RENTA = TOPE,2023-10-06,19
FECHA CONTRATO TRABAJO EQ FECHA AFILIACION ENTIDAD PREVISIONAL,2023-10-06,4
COTIZ < LIQ DE SUELDO,2023-10-06,58
NO PROCESADO MEDIPASS,2023-10-06,143
NO HAY IMAGENES PARA DESCARGAR,2023-10-06,9
NO IMAGENES CON API,2023-10-06,4
NO IMAGENES CON API,2023-10-05,154
COTIZ < LIQ DE SUELDO,2023-10-05,73
NO PROCESADO MEDIPASS,2023-10-05,144
RENTA = TOPE,2023-10-05,12
FALTA COTIZ. SALUD,2023-10-05,60
FECHA CONTRATO TRABAJO EQ FECHA AFILIACION ENTIDAD PREVISIONAL,2023-10-05,1
NO HAY IMAGENES PARA DESCARGAR,2023-10-05,7
RENTA = TOPE,2023-10-04,18
COTIZ < LIQ DE SUELDO,2023-10-04,63
NO IMAGENES CON API,2023-10-04,15
FECHA CONTRATO TRABAJO EQ FECHA AFILIACION ENTIDAD PREVISIONAL,2023-10-04,3
NO SE ENCUENTRAN MESES CON DIAS TRABAJADOS,2023-10-04,1
NO PROCESADO MEDIPASS,2023-10-04,168
FALTA COTIZ. SALUD,2023-10-04,44
NO HAY IMAGENES PARA DESCARGAR,2023-10-04,22
NO PROCESADO MEDIPASS,2023-10-03,148
RENTA = TOPE,2023-10-03,18
NO IMAGENES CON API,2023-10-03,3
NO HAY IMAGENES PARA DESCARGAR,2023-10-03,9
COTIZ < LIQ DE SUELDO,2023-10-03,72
FALTA COTIZ. SALUD,2023-10-03,40
FECHA CONTRATO TRABAJO EQ FECHA AFILIACION ENTIDAD PREVISIONAL,2023-10-02,2
RENTA = TOPE,2023-10-02,37
NO HAY IMAGENES PARA DESCARGAR,2023-10-02,10
NO PROCESADO MEDIPASS,2023-10-02,234
NO IMAGENES CON API,2023-10-02,52
COTIZ < LIQ DE SUELDO,2023-10-02,119
FALTA COTIZ. SALUD,2023-10-02,32
RENTA = TOPE,2023-09-29,1
NO HAY IMAGENES PARA DESCARGAR,2023-09-29,5
COTIZ < LIQ DE SUELDO,2023-09-29,38
NO PROCESADO MEDIPASS,2023-09-29,61
FALTA COTIZ. SALUD,2023-09-29,18
NO IMAGENES CON API,2023-09-29,5
FECHA CONTRATO TRABAJO EQ FECHA AFILIACION ENTIDAD PREVISIONAL,2023-09-28,2
NO SE ENCUENTRAN MESES CON DIAS TRABAJADOS,2023-09-28,1
COTIZ < LIQ DE SUELDO,2023-09-28,85
NO HAY IMAGENES PARA DESCARGAR,2023-09-28,9
NO PROCESADO MEDIPASS,2023-09-28,158
RENTA = TOPE,2023-09-28,14
FALTA COTIZ. SALUD,2023-09-28,28
NO IMAGENES CON API,2023-09-27,2
RENTA = TOPE,2023-09-27,9
COTIZ < LIQ DE SUELDO,2023-09-27,88
NO PROCESADO MEDIPASS,2023-09-27,160
FALTA COTIZ. SALUD,2023-09-27,29
NO HAY IMAGENES PARA DESCARGAR,2023-09-27,9
FECHA CONTRATO TRABAJO EQ FECHA AFILIACION ENTIDAD PREVISIONAL,2023-09-26,1
COTIZ < LIQ DE SUELDO,2023-09-26,65
NO SE ENCUENTRA CODIGO AFP,2023-09-26,1
RENTA = TOPE,2023-09-26,3
NO PROCESADO MEDIPASS,2023-09-26,169
FALTA COTIZ. SALUD,2023-09-26,30
NO IMAGENES CON API,2023-09-26,1
NO HAY IMAGENES PARA DESCARGAR,2023-09-26,11
RENTA = TOPE,2023-09-25,7
NO IMAGENES CON API,2023-09-25,10
FALTA COTIZ. SALUD,2023-09-25,24
NO SE ENCUENTRAN MESES CON DIAS TRABAJADOS,2023-09-25,1
NO HAY IMAGENES PARA DESCARGAR,2023-09-25,6
NO PROCESADO MEDIPASS,2023-09-25,172
FECHA CONTRATO TRABAJO EQ FECHA AFILIACION ENTIDAD PREVISIONAL,2023-09-25,1
COTIZ < LIQ DE SUELDO,2023-09-25,98
FALTA COTIZ. SALUD,2023-09-24,2
NO PROCESADO MEDIPASS,2023-09-22,111
NO HAY IMAGENES PARA DESCARGAR,2023-09-22,2
RENTA = TOPE,2023-09-22,11
COTIZ < LIQ DE SUELDO,2023-09-22,66
FALTA COTIZ. SALUD,2023-09-22,9
NO PROCESADO MEDIPASS,2023-09-21,172
FECHA CONTRATO TRABAJO EQ FECHA AFILIACION ENTIDAD PREVISIONAL,2023-09-21,3
COTIZ < LIQ DE SUELDO,2023-09-21,82
NO IMAGENES CON API,2023-09-21,1
FALTA COTIZ. SALUD,2023-09-21,28
RENTA = TOPE,2023-09-21,19
NO HAY IMAGENES PARA DESCARGAR,2023-09-21,6
NO IMAGENES CON API,2023-09-20,70
FALTA COTIZ. SALUD,2023-09-20,23
RENTA = TOPE,2023-09-20,17
NO PROCESADO MEDIPASS,2023-09-20,116
NO HAY IMAGENES PARA DESCARGAR,2023-09-20,6
COTIZ < LIQ DE SUELDO,2023-09-20,68
FALTA COTIZ. SALUD,2023-09-19,1
FALTA COTIZ. SALUD,2023-09-18,1
RENTA = TOPE,2023-09-15,8
COTIZ < LIQ DE SUELDO,2023-09-15,71
NO SE ENCUENTRAN MESES CON DIAS TRABAJADOS,2023-09-15,1
FECHA CONTRATO TRABAJO EQ FECHA AFILIACION ENTIDAD PREVISIONAL,2023-09-15,1
NO PROCESADO MEDIPASS,2023-09-15,134
NO IMAGENES CON API,2023-09-15,8
FALTA COTIZ. SALUD,2023-09-15,37
NO HAY IMAGENES PARA DESCARGAR,2023-09-15,7
NO HAY IMAGENES PARA DESCARGAR,2023-09-14,9
NO IMAGENES CON API,2023-09-14,4
RENTA = TOPE,2023-09-14,11
FECHA CONTRATO TRABAJO EQ FECHA AFILIACION ENTIDAD PREVISIONAL,2023-09-14,2
NO PROCESADO MEDIPASS,2023-09-14,171
NO SE ENCUENTRAN MESES CON DIAS TRABAJADOS,2023-09-14,1
COTIZ < LIQ DE SUELDO,2023-09-14,76
FALTA COTIZ. SALUD,2023-09-14,42
NO SE ENCUENTRAN MESES CON DIAS TRABAJADOS,2023-09-13,1
FECHA CONTRATO TRABAJO EQ FECHA AFILIACION ENTIDAD PREVISIONAL,2023-09-13,2
NO HAY IMAGENES PARA DESCARGAR,2023-09-13,11
NO IMAGENES CON API,2023-09-13,12
FALTA COTIZ. SALUD,2023-09-13,43
COTIZ < LIQ DE SUELDO,2023-09-13,72
RENTA = TOPE,2023-09-13,12
NO PROCESADO MEDIPASS,2023-09-13,150
NO SE ENCUENTRA CODIGO AFP,2023-09-12,1
NO PROCESADO MEDIPASS,2023-09-12,158
NO HAY IMAGENES PARA DESCARGAR,2023-09-12,8
RENTA = TOPE,2023-09-12,14
COTIZ < LIQ DE SUELDO,2023-09-12,64
FECHA CONTRATO TRABAJO EQ FECHA AFILIACION ENTIDAD PREVISIONAL,2023-09-12,1
FALTA COTIZ. SALUD,2023-09-12,51
NO PROCESADO MEDIPASS,2023-09-11,196
NO IMAGENES CON API,2023-09-11,1
RENTA = TOPE,2023-09-11,12
COTIZ < LIQ DE SUELDO,2023-09-11,77
NO SE ENCUENTRAN MESES CON DIAS TRABAJADOS,2023-09-11,1
FALTA COTIZ. SALUD,2023-09-11,66
NO HAY IMAGENES PARA DESCARGAR,2023-09-11,7
NO HAY IMAGENES PARA DESCARGAR,2023-09-08,9
NO IMAGENES CON API,2023-09-08,1
NO PROCESADO MEDIPASS,2023-09-08,153
FECHA CONTRATO TRABAJO EQ FECHA AFILIACION ENTIDAD PREVISIONAL,2023-09-08,1
COTIZ < LIQ DE SUELDO,2023-09-08,66
FALTA COTIZ. SALUD,2023-09-08,56
RENTA = TOPE,2023-09-08,19
NO IMAGENES CON API,2023-09-07,1
FECHA CONTRATO TRABAJO EQ FECHA AFILIACION ENTIDAD PREVISIONAL,2023-09-07,1
RENTA = TOPE,2023-09-07,11
NO PROCESADO MEDIPASS,2023-09-07,165
COTIZ < LIQ DE SUELDO,2023-09-07,88
NO HAY IMAGENES PARA DESCARGAR,2023-09-07,17
FALTA COTIZ. SALUD,2023-09-07,77
FECHA CONTRATO TRABAJO EQ FECHA AFILIACION ENTIDAD PREVISIONAL,2023-09-06,2
NO HAY IMAGENES PARA DESCARGAR,2023-09-06,10
RENTA = TOPE,2023-09-06,15
COTIZ < LIQ DE SUELDO,2023-09-06,85
NO PROCESADO MEDIPASS,2023-09-06,138
NO SE ENCUENTRA CODIGO AFP,2023-09-06,1
FALTA COTIZ. SALUD,2023-09-06,59
COTIZ < LIQ DE SUELDO,2023-09-05,88
FALTA COTIZ. SALUD,2023-09-05,42
FECHA CONTRATO TRABAJO EQ FECHA AFILIACION ENTIDAD PREVISIONAL,2023-09-05,2
NO HAY IMAGENES PARA DESCARGAR,2023-09-05,9
RENTA = TOPE,2023-09-05,8
NO PROCESADO MEDIPASS,2023-09-05,187
NO PROCESADO MEDIPASS,2023-09-04,147
RENTA = TOPE,2023-09-04,6
FECHA CONTRATO TRABAJO EQ FECHA AFILIACION ENTIDAD PREVISIONAL,2023-09-04,2
NO IMAGENES CON API,2023-09-04,50
COTIZ < LIQ DE SUELDO,2023-09-04,98
NO HAY IMAGENES PARA DESCARGAR,2023-09-04,5
FALTA COTIZ. SALUD,2023-09-04,31
NO DERECHO A PAGO SUBSIDIO,2023-09-04,1
NO IMAGENES CON API,2023-09-01,57
NO HAY IMAGENES PARA DESCARGAR,2023-09-01,7
FALTA COTIZ. SALUD,2023-09-01,20
NO PROCESADO MEDIPASS,2023-09-01,163
FECHA CONTRATO TRABAJO EQ FECHA AFILIACION ENTIDAD PREVISIONAL,2023-09-01,1
COTIZ < LIQ DE SUELDO,2023-09-01,125
RENTA = TOPE,2023-09-01,9
FALTA COTIZ. SALUD,2023-08-31,10
RENTA = TOPE,2023-08-31,3
NO HAY IMAGENES PARA DESCARGAR,2023-08-31,10
NO PROCESADO MEDIPASS,2023-08-31,94
COTIZ < LIQ DE SUELDO,2023-08-31,30
FALTA COTIZ. SALUD,2023-08-30,23
RENTA = TOPE,2023-08-30,12
NO IMAGENES CON API,2023-08-30,2
NO HAY IMAGENES PARA DESCARGAR,2023-08-30,16
COTIZ < LIQ DE SUELDO,2023-08-30,88
NO PROCESADO MEDIPASS,2023-08-30,156
FECHA CONTRATO TRABAJO EQ FECHA AFILIACION ENTIDAD PREVISIONAL,2023-08-30,1
NO DERECHO A PAGO SUBSIDIO,2023-08-30,1
NO SE ENCUENTRA CODIGO AFP,2023-08-30,1
NO HAY IMAGENES PARA DESCARGAR,2023-08-29,25
RENTA = TOPE,2023-08-29,5
COTIZ < LIQ DE SUELDO,2023-08-29,88
NO PROCESADO MEDIPASS,2023-08-29,148
FALTA COTIZ. SALUD,2023-08-29,21
NO IMAGENES CON API,2023-08-29,1
FECHA CONTRATO TRABAJO EQ FECHA AFILIACION ENTIDAD PREVISIONAL,2023-08-29,1
COTIZ < LIQ DE SUELDO,2023-08-28,88
RENTA = TOPE,2023-08-28,9
NO IMAGENES CON API,2023-08-28,8
NO PROCESADO MEDIPASS,2023-08-28,159
FALTA COTIZ. SALUD,2023-08-28,29
FECHA CONTRATO TRABAJO EQ FECHA AFILIACION ENTIDAD PREVISIONAL,2023-08-28,3
NO HAY IMAGENES PARA DESCARGAR,2023-08-28,14
NO PROCESADO MEDIPASS,2023-08-26,3
NO IMAGENES CON API,2023-08-25,2
RENTA = TOPE,2023-08-25,9
NO PROCESADO MEDIPASS,2023-08-25,95
FALTA COTIZ. SALUD,2023-08-25,15
COTIZ < LIQ DE SUELDO,2023-08-25,75
NO HAY IMAGENES PARA DESCARGAR,2023-08-25,9
FALTA COTIZ. SALUD,2023-08-24,19
NO IMAGENES CON API,2023-08-24,1
NO SE ENCUENTRAN MESES CON DIAS TRABAJADOS,2023-08-24,1
FECHA CONTRATO TRABAJO EQ FECHA AFILIACION ENTIDAD PREVISIONAL,2023-08-24,2
COTIZ < LIQ DE SUELDO,2023-08-24,110
RENTA = TOPE,2023-08-24,6
NO PROCESADO MEDIPASS,2023-08-24,168
NO HAY IMAGENES PARA DESCARGAR,2023-08-24,13
FECHA CONTRATO TRABAJO EQ FECHA AFILIACION ENTIDAD PREVISIONAL,2023-08-23,1
NO IMAGENES CON API,2023-08-23,3
COTIZ < LIQ DE SUELDO,2023-08-23,76
NO SE ENCUENTRAN MESES CON DIAS TRABAJADOS,2023-08-23,1
NO PROCESADO MEDIPASS,2023-08-23,116
NO SE ENCUENTRA CODIGO AFP,2023-08-23,1
FALTA COTIZ. SALUD,2023-08-23,25
RENTA = TOPE,2023-08-23,3
NO HAY IMAGENES PARA DESCARGAR,2023-08-23,8
FECHA CONTRATO TRABAJO EQ FECHA AFILIACION ENTIDAD PREVISIONAL,2023-08-22,2
RENTA = TOPE,2023-08-22,9
NO IMAGENES CON API,2023-08-22,2
FALTA COTIZ. SALUD,2023-08-22,30
COTIZ < LIQ DE SUELDO,2023-08-22,76
NO HAY IMAGENES PARA DESCARGAR,2023-08-22,10
NO SE ENCUENTRAN MESES CON DIAS TRABAJADOS,2023-08-22,1
NO PROCESADO MEDIPASS,2023-08-22,168
FECHA CONTRATO TRABAJO EQ FECHA AFILIACION ENTIDAD PREVISIONAL,2023-08-21,3
RENTA = TOPE,2023-08-21,14
NO PROCESADO MEDIPASS,2023-08-21,154
FALTA COTIZ. SALUD,2023-08-21,15
COTIZ < LIQ DE SUELDO,2023-08-21,88
NO HAY IMAGENES PARA DESCARGAR,2023-08-21,29
NO IMAGENES CON API,2023-08-21,24
NO PROCESADO MEDIPASS,2023-08-20,3
FECHA CONTRATO TRABAJO EQ FECHA AFILIACION ENTIDAD PREVISIONAL,2023-08-18,1
NO SE ENCUENTRA CODIGO AFP,2023-08-18,1
NO HAY IMAGENES PARA DESCARGAR,2023-08-18,7
NO IMAGENES CON API,2023-08-18,2
COTIZ < LIQ DE SUELDO,2023-08-18,63
NO PROCESADO MEDIPASS,2023-08-18,137
FALTA COTIZ. SALUD,2023-08-18,22
RENTA = TOPE,2023-08-18,12
FALTA COTIZ. SALUD,2023-08-17,31
NO SE ENCUENTRA CODIGO AFP,2023-08-17,1
COTIZ < LIQ DE SUELDO,2023-08-17,93
NO HAY IMAGENES PARA DESCARGAR,2023-08-17,17
NO PROCESADO MEDIPASS,2023-08-17,167
RENTA = TOPE,2023-08-17,7
FECHA CONTRATO TRABAJO EQ FECHA AFILIACION ENTIDAD PREVISIONAL,2023-08-17,2
NO PROCESADO MEDIPASS,2023-08-16,155
FALTA COTIZ. SALUD,2023-08-16,34
NO HAY IMAGENES PARA DESCARGAR,2023-08-16,6
COTIZ < LIQ DE SUELDO,2023-08-16,66
RENTA = TOPE,2023-08-16,9
FECHA CONTRATO TRABAJO EQ FECHA AFILIACION ENTIDAD PREVISIONAL,2023-08-16,1
NO PROCESADO MEDIPASS,2023-08-15,7
RENTA = TOPE,2023-08-15,1
FALTA COTIZ. SALUD,2023-08-15,1
NO PROCESADO MEDIPASS,2023-08-14,114
FALTA COTIZ. SALUD,2023-08-14,31
COTIZ < LIQ DE SUELDO,2023-08-14,60
RENTA = TOPE,2023-08-14,2
NO HAY IMAGENES PARA DESCARGAR,2023-08-14,21
COTIZ < LIQ DE SUELDO,2023-08-13,1
NO PROCESADO MEDIPASS,2023-08-13,2
NO PROCESADO MEDIPASS,2023-08-12,1
FALTA COTIZ. SALUD,2023-08-11,60
NO PROCESADO MEDIPASS,2023-08-11,133
FECHA CONTRATO TRABAJO EQ FECHA AFILIACION ENTIDAD PREVISIONAL,2023-08-11,3
COTIZ < LIQ DE SUELDO,2023-08-11,80
NO HAY IMAGENES PARA DESCARGAR,2023-08-11,8
RENTA = TOPE,2023-08-11,5
FALTA COTIZ. SALUD,2023-08-10,77
RENTA = TOPE,2023-08-10,10
NO IMAGENES CON API,2023-08-10,2
NO HAY IMAGENES PARA DESCARGAR,2023-08-10,54
NO PROCESADO MEDIPASS,2023-08-10,171
COTIZ < LIQ DE SUELDO,2023-08-10,106
FECHA CONTRATO TRABAJO EQ FECHA AFILIACION ENTIDAD PREVISIONAL,2023-08-10,1
RENTA = TOPE,2023-08-09,13
NO PROCESADO MEDIPASS,2023-08-09,148
COTIZ < LIQ DE SUELDO,2023-08-09,92
FECHA CONTRATO TRABAJO EQ FECHA AFILIACION ENTIDAD PREVISIONAL,2023-08-09,1
NO HAY IMAGENES PARA DESCARGAR,2023-08-09,12
NO IMAGENES CON API,2023-08-09,4
FALTA COTIZ. SALUD,2023-08-09,76
FECHA CONTRATO TRABAJO EQ FECHA AFILIACION ENTIDAD PREVISIONAL,2023-08-08,3
RENTA = TOPE,2023-08-08,7
FALTA COTIZ. SALUD,2023-08-08,87
NO HAY IMAGENES PARA DESCARGAR,2023-08-08,8
COTIZ < LIQ DE SUELDO,2023-08-08,80
NO IMAGENES CON API,2023-08-08,6
NO PROCESADO MEDIPASS,2023-08-08,181
NO IMAGENES CON API,2023-08-07,17
COTIZ < LIQ DE SUELDO,2023-08-07,94
FECHA CONTRATO TRABAJO EQ FECHA AFILIACION ENTIDAD PREVISIONAL,2023-08-07,4
RENTA = TOPE,2023-08-07,2
NO HAY IMAGENES PARA DESCARGAR,2023-08-07,10
FALTA COTIZ. SALUD,2023-08-07,79
NO PROCESADO MEDIPASS,2023-08-07,161
FALTA COTIZ. SALUD,2023-08-06,2
NO PROCESADO MEDIPASS,2023-08-06,5
COTIZ < LIQ DE SUELDO,2023-08-06,3
NO HAY IMAGENES PARA DESCARGAR,2023-08-04,5
NO PROCESADO MEDIPASS,2023-08-04,136
FECHA CONTRATO TRABAJO EQ FECHA AFILIACION ENTIDAD PREVISIONAL,2023-08-04,2
FALTA COTIZ. SALUD,2023-08-04,55
RENTA = TOPE,2023-08-04,4
NO DERECHO A PAGO SUBSIDIO,2023-08-04,1
COTIZ < LIQ DE SUELDO,2023-08-04,66
NO PROCESADO MEDIPASS,2023-08-03,133
FALTA COTIZ. SALUD,2023-08-03,44
NO IMAGENES CON API,2023-08-03,1
RENTA = TOPE,2023-08-03,7
COTIZ < LIQ DE SUELDO,2023-08-03,80
NO HAY IMAGENES PARA DESCARGAR,2023-08-03,6
FECHA CONTRATO TRABAJO EQ FECHA AFILIACION ENTIDAD PREVISIONAL,2023-08-03,1
RENTA = TOPE,2023-08-02,12
COTIZ < LIQ DE SUELDO,2023-08-02,81
FALTA COTIZ. SALUD,2023-08-02,30
NO PROCESADO MEDIPASS,2023-08-02,113
NO IMAGENES CON API,2023-08-02,1
NO HAY IMAGENES PARA DESCARGAR,2023-08-02,32
FALTA COTIZ. SALUD,2023-08-01,28
COTIZ < LIQ DE SUELDO,2023-08-01,95
NO IMAGENES CON API,2023-08-01,21
NO HAY IMAGENES PARA DESCARGAR,2023-08-01,9
RENTA = TOPE,2023-08-01,10
FECHA CONTRATO TRABAJO EQ FECHA AFILIACION ENTIDAD PREVISIONAL,2023-08-01,1
NO PROCESADO MEDIPASS,2023-08-01,133
NO HAY IMAGENES PARA DESCARGAR,2023-07-31,16
NO IMAGENES CON API,2023-07-31,48
NO PROCESADO MEDIPASS,2023-07-31,121
RENTA = TOPE,2023-07-31,5
COTIZ < LIQ DE SUELDO,2023-07-31,82
FECHA CONTRATO TRABAJO EQ FECHA AFILIACION ENTIDAD PREVISIONAL,2023-07-31,1
FALTA COTIZ. SALUD,2023-07-31,23
FALTA COTIZ. SALUD,2023-07-30,2
COTIZ < LIQ DE SUELDO,2023-07-30,2
NO PROCESADO MEDIPASS,2023-07-30,5
NO PROCESADO MEDIPASS,2023-07-29,3
NO IMAGENES CON API,2023-07-29,2
COTIZ < LIQ DE SUELDO,2023-07-29,1
NO HAY IMAGENES PARA DESCARGAR,2023-07-28,5
NO PROCESADO MEDIPASS,2023-07-28,125
RENTA = TOPE,2023-07-28,6
COTIZ < LIQ DE SUELDO,2023-07-28,77
NO IMAGENES CON API,2023-07-28,2
FALTA COTIZ. SALUD,2023-07-28,25
FALTA COTIZ. SALUD,2023-07-27,29
RENTA = TOPE,2023-07-27,5
NO HAY IMAGENES PARA DESCARGAR,2023-07-27,12
COTIZ < LIQ DE SUELDO,2023-07-27,101
NO PROCESADO MEDIPASS,2023-07-27,161
FECHA CONTRATO TRABAJO EQ FECHA AFILIACION ENTIDAD PREVISIONAL,2023-07-27,2
FECHA CONTRATO TRABAJO EQ FECHA AFILIACION ENTIDAD PREVISIONAL,2023-07-26,3
COTIZ < LIQ DE SUELDO,2023-07-26,102
RENTA = TOPE,2023-07-26,7
FALTA COTIZ. SALUD,2023-07-26,16
NO IMAGENES CON API,2023-07-26,3
NO PROCESADO MEDIPASS,2023-07-26,151
NO HAY IMAGENES PARA DESCARGAR,2023-07-26,11
NO IMAGENES CON API,2023-07-25,2
COTIZ < LIQ DE SUELDO,2023-07-25,81
NO PROCESADO MEDIPASS,2023-07-25,144
FALTA COTIZ. SALUD,2023-07-25,12
NO HAY IMAGENES PARA DESCARGAR,2023-07-25,11
NO PROCESADO MEDIPASS,2023-07-24,157
COTIZ < LIQ DE SUELDO,2023-07-24,93
RENTA = TOPE,2023-07-24,5
FALTA COTIZ. SALUD,2023-07-24,20
NO HAY IMAGENES PARA DESCARGAR,2023-07-24,8
NO IMAGENES CON API,2023-07-24,9
FECHA CONTRATO TRABAJO EQ FECHA AFILIACION ENTIDAD PREVISIONAL,2023-07-24,1
NO IMAGENES CON API,2023-07-22,1
FECHA CONTRATO TRABAJO EQ FECHA AFILIACION ENTIDAD PREVISIONAL,2023-07-21,1
RENTA = TOPE,2023-07-21,8
FALTA COTIZ. SALUD,2023-07-21,20
COTIZ < LIQ DE SUELDO,2023-07-21,89
NO PROCESADO MEDIPASS,2023-07-21,45
NO HAY IMAGENES PARA DESCARGAR,2023-07-21,8
COTIZ < LIQ DE SUELDO,2023-07-20,65
NO PROCESADO MEDIPASS,2023-07-20,1
RENTA = TOPE,2023-07-20,5
NO HAY IMAGENES PARA DESCARGAR,2023-07-20,168
FALTA COTIZ. SALUD,2023-07-20,15
FECHA CONTRATO TRABAJO EQ FECHA AFILIACION ENTIDAD PREVISIONAL,2023-07-20,1
RENTA = TOPE,2023-07-19,4
FALTA COTIZ. SALUD,2023-07-19,12
NO HAY IMAGENES PARA DESCARGAR,2023-07-19,89
COTIZ < LIQ DE SUELDO,2023-07-19,90
COTIZ < LIQ DE SUELDO,2023-07-18,54
NO HAY IMAGENES PARA DESCARGAR,2023-07-18,185
FECHA CONTRATO TRABAJO EQ FECHA AFILIACION ENTIDAD PREVISIONAL,2023-07-18,2
RENTA = TOPE,2023-07-18,8
FALTA COTIZ. SALUD,2023-07-18,14
NO DERECHO A PAGO SUBSIDIO,2023-07-18,1
FALTA COTIZ. SALUD,2023-07-17,8
RENTA = TOPE,2023-07-17,4
COTIZ < LIQ DE SUELDO,2023-07-17,32
NO HAY IMAGENES PARA DESCARGAR,2023-07-17,183
COTIZ < LIQ DE SUELDO,2023-07-16,2
NO HAY IMAGENES PARA DESCARGAR,2023-07-16,1
COTIZ < LIQ DE SUELDO,2023-07-14,42
RENTA = TOPE,2023-07-14,1
NO HAY IMAGENES PARA DESCARGAR,2023-07-14,118
FALTA COTIZ. SALUD,2023-07-14,14
COTIZ < LIQ DE SUELDO,2023-07-13,35
FALTA COTIZ. SALUD,2023-07-13,22
NO HAY IMAGENES PARA DESCARGAR,2023-07-13,272
COTIZ < LIQ DE SUELDO,2023-07-12,33
NO HAY IMAGENES PARA DESCARGAR,2023-07-12,190
FALTA COTIZ. SALUD,2023-07-12,42
RENTA = TOPE,2023-07-12,7
FECHA CONTRATO TRABAJO EQ FECHA AFILIACION ENTIDAD PREVISIONAL,2023-07-12,1
COTIZ < LIQ DE SUELDO,2023-07-11,32
NO HAY IMAGENES PARA DESCARGAR,2023-07-11,10
RENTA = TOPE,2023-07-11,17
FALTA COTIZ. SALUD,2023-07-11,179
NO DERECHO A PAGO SUBSIDIO,2023-07-11,1
RENTA = TOPE,2023-07-10,8
COTIZ < LIQ DE SUELDO,2023-07-10,28
FECHA CONTRATO TRABAJO EQ FECHA AFILIACION ENTIDAD PREVISIONAL,2023-07-10,3
NO DERECHO A PAGO SUBSIDIO,2023-07-10,1
NO HAY IMAGENES PARA DESCARGAR,2023-07-10,8
FALTA COTIZ. SALUD,2023-07-10,143
FALTA COTIZ. SALUD,2023-07-09,2
RENTA = TOPE,2023-07-07,5
COTIZ < LIQ DE SUELDO,2023-07-07,33
NO HAY IMAGENES PARA DESCARGAR,2023-07-07,8
FALTA COTIZ. SALUD,2023-07-07,132
FALTA COTIZ. SALUD,2023-07-06,155
COTIZ < LIQ DE SUELDO,2023-07-06,40
RENTA = TOPE,2023-07-06,8
NO HAY IMAGENES PARA DESCARGAR,2023-07-06,9
FECHA CONTRATO TRABAJO EQ FECHA AFILIACION ENTIDAD PREVISIONAL,2023-07-06,5
FALTA COTIZ. SALUD,2023-07-05,116
NO HAY IMAGENES PARA DESCARGAR,2023-07-05,6
COTIZ < LIQ DE SUELDO,2023-07-05,42
RENTA = TOPE,2023-07-05,3
FECHA CONTRATO TRABAJO EQ FECHA AFILIACION ENTIDAD PREVISIONAL,2023-07-05,2
FECHA CONTRATO TRABAJO EQ FECHA AFILIACION ENTIDAD PREVISIONAL,2023-07-04,2
COTIZ < LIQ DE SUELDO,2023-07-04,38
NO HAY IMAGENES PARA DESCARGAR,2023-07-04,10
FALTA COTIZ. SALUD,2023-07-04,67
RENTA = TOPE,2023-07-04,11
RENTA = TOPE,2023-07-03,15
FALTA COTIZ. SALUD,2023-07-03,29
NO HAY IMAGENES PARA DESCARGAR,2023-07-03,10
COTIZ < LIQ DE SUELDO,2023-07-03,57
FECHA CONTRATO TRABAJO EQ FECHA AFILIACION ENTIDAD PREVISIONAL,2023-07-03,1
FALTA COTIZ. SALUD,2023-06-30,13
RENTA = TOPE,2023-06-30,3
NO HAY IMAGENES PARA DESCARGAR,2023-06-30,6
FECHA CONTRATO TRABAJO EQ FECHA AFILIACION ENTIDAD PREVISIONAL,2023-06-30,1
COTIZ < LIQ DE SUELDO,2023-06-30,39
COTIZ < LIQ DE SUELDO,2023-06-29,48
NO HAY IMAGENES PARA DESCARGAR,2023-06-29,10
FECHA CONTRATO TRABAJO EQ FECHA AFILIACION ENTIDAD PREVISIONAL,2023-06-29,3
RENTA = TOPE,2023-06-29,10
FALTA COTIZ. SALUD,2023-06-29,22
NO HAY IMAGENES PARA DESCARGAR,2023-06-28,13
FALTA COTIZ. SALUD,2023-06-28,16
COTIZ < LIQ DE SUELDO,2023-06-28,55
RENTA = TOPE,2023-06-28,3
FECHA CONTRATO TRABAJO EQ FECHA AFILIACION ENTIDAD PREVISIONAL,2023-06-28,1
FECHA CONTRATO TRABAJO EQ FECHA AFILIACION ENTIDAD PREVISIONAL,2023-06-27,4
RENTA = TOPE,2023-06-27,3
NO HAY IMAGENES PARA DESCARGAR,2023-06-27,10
FALTA COTIZ. SALUD,2023-06-27,22
COTIZ < LIQ DE SUELDO,2023-06-27,58
COTIZ < LIQ DE SUELDO,2023-06-26,1
FALTA COTIZ. SALUD,2023-06-23,24
RENTA = TOPE,2023-06-23,11
FECHA CONTRATO TRABAJO EQ FECHA AFILIACION ENTIDAD PREVISIONAL,2023-06-23,5
COTIZ < LIQ DE SUELDO,2023-06-23,44
NO HAY IMAGENES PARA DESCARGAR,2023-06-23,10
NO DERECHO A PAGO SUBSIDIO,2023-06-23,1
RENTA = TOPE,2023-06-22,6
COTIZ < LIQ DE SUELDO,2023-06-22,48
FALTA COTIZ. SALUD,2023-06-22,14
NO HAY IMAGENES PARA DESCARGAR,2023-06-22,36
COTIZ < LIQ DE SUELDO,2023-06-21,1
FALTA COTIZ. SALUD,2023-06-20,22
NO HAY IMAGENES PARA DESCARGAR,2023-06-20,5
COTIZ < LIQ DE SUELDO,2023-06-20,68
RENTA = TOPE,2023-06-20,16
RENTA = TOPE,2023-06-19,4
COTIZ < LIQ DE SUELDO,2023-06-19,51
FALTA COTIZ. SALUD,2023-06-19,20
FECHA CONTRATO TRABAJO EQ FECHA AFILIACION ENTIDAD PREVISIONAL,2023-06-19,2
NO HAY IMAGENES PARA DESCARGAR,2023-06-19,11
RENTA = TOPE,2023-06-16,11
NO HAY IMAGENES PARA DESCARGAR,2023-06-16,7
NO DERECHO A PAGO SUBSIDIO,2023-06-16,1
COTIZ < LIQ DE SUELDO,2023-06-16,43
FALTA COTIZ. SALUD,2023-06-16,27
FECHA CONTRATO TRABAJO EQ FECHA AFILIACION ENTIDAD PREVISIONAL,2023-06-16,2
FALTA COTIZ. SALUD,2023-06-15,45
RENTA = TOPE,2023-06-15,14
NO HAY IMAGENES PARA DESCARGAR,2023-06-15,11
FECHA CONTRATO TRABAJO EQ FECHA AFILIACION ENTIDAD PREVISIONAL,2023-06-15,4
COTIZ < LIQ DE SUELDO,2023-06-15,58
FECHA CONTRATO TRABAJO EQ FECHA AFILIACION ENTIDAD PREVISIONAL,2023-06-14,1
COTIZ < LIQ DE SUELDO,2023-06-14,47
RENTA = TOPE,2023-06-14,12
NO HAY IMAGENES PARA DESCARGAR,2023-06-14,13
FALTA COTIZ. SALUD,2023-06-14,72
FALTA COTIZ. SALUD,2023-06-13,159
FECHA CONTRATO TRABAJO EQ FECHA AFILIACION ENTIDAD PREVISIONAL,2023-06-13,2
COTIZ < LIQ DE SUELDO,2023-06-13,57
RENTA = TOPE,2023-06-13,6
NO HAY IMAGENES PARA DESCARGAR,2023-06-13,9
FALTA COTIZ. SALUD,2023-06-12,193
NO HAY IMAGENES PARA DESCARGAR,2023-06-12,16
FECHA CONTRATO TRABAJO EQ FECHA AFILIACION ENTIDAD PREVISIONAL,2023-06-12,2
RENTA = TOPE,2023-06-12,18
COTIZ < LIQ DE SUELDO,2023-06-12,49
NO HAY IMAGENES PARA DESCARGAR,2023-06-09,23
FALTA COTIZ. SALUD,2023-06-09,222
RENTA = TOPE,2023-06-09,18
COTIZ < LIQ DE SUELDO,2023-06-09,41
FECHA CONTRATO TRABAJO EQ FECHA AFILIACION ENTIDAD PREVISIONAL,2023-06-09,4
FALTA COTIZ. SALUD,2023-06-08,219
COTIZ < LIQ DE SUELDO,2023-06-08,70
RENTA = TOPE,2023-06-08,15
FECHA CONTRATO TRABAJO EQ FECHA AFILIACION ENTIDAD PREVISIONAL,2023-06-08,2
NO HAY IMAGENES PARA DESCARGAR,2023-06-08,9
NO HAY IMAGENES PARA DESCARGAR,2023-06-07,8
COTIZ < LIQ DE SUELDO,2023-06-07,48
FALTA COTIZ. SALUD,2023-06-07,210
FECHA CONTRATO TRABAJO EQ FECHA AFILIACION ENTIDAD PREVISIONAL,2023-06-07,2
RENTA = TOPE,2023-06-07,16
NO HAY IMAGENES PARA DESCARGAR,2023-06-06,11
COTIZ < LIQ DE SUELDO,2023-06-06,28
FECHA CONTRATO TRABAJO EQ FECHA AFILIACION ENTIDAD PREVISIONAL,2023-06-06,2
RENTA = TOPE,2023-06-06,26
FALTA COTIZ. SALUD,2023-06-06,138
FALTA COTIZ. SALUD,2023-06-05,90
NO PROCESADO MEDIPASS,2023-06-05,144
FECHA CONTRATO TRABAJO EQ FECHA AFILIACION ENTIDAD PREVISIONAL,2023-06-05,3
NO HAY IMAGENES PARA DESCARGAR,2023-06-05,8
NO IMAGENES CON API,2023-06-05,38
COTIZ < LIQ DE SUELDO,2023-06-05,23
RENTA = TOPE,2023-06-05,26
FALTA COTIZ. SALUD,2023-06-02,73
NO PROCESADO MEDIPASS,2023-06-02,17
FECHA CONTRATO TRABAJO EQ FECHA AFILIACION ENTIDAD PREVISIONAL,2023-06-02,2
NO HAY IMAGENES PARA DESCARGAR,2023-06-02,7
RENTA = TOPE,2023-06-02,24
COTIZ < LIQ DE SUELDO,2023-06-02,26
COTIZ < LIQ DE SUELDO,2023-06-01,60
FALTA COTIZ. SALUD,2023-06-01,43
FECHA CONTRATO TRABAJO EQ FECHA AFILIACION ENTIDAD PREVISIONAL,2023-06-01,2
RENTA = TOPE,2023-06-01,44
NO HAY IMAGENES PARA DESCARGAR,2023-06-01,5
RENTA = TOPE,2023-05-31,8
NO HAY IMAGENES PARA DESCARGAR,2023-05-31,3
FALTA COTIZ. SALUD,2023-05-31,7
COTIZ < LIQ DE SUELDO,2023-05-31,12
NO HAY IMAGENES PARA DESCARGAR,2023-05-30,5
COTIZ < LIQ DE SUELDO,2023-05-30,19
RENTA = TOPE,2023-05-30,16
FALTA COTIZ. SALUD,2023-05-30,27
RENTA = TOPE,2023-05-29,30
COTIZ < LIQ DE SUELDO,2023-05-29,31
FECHA CONTRATO TRABAJO EQ FECHA AFILIACION ENTIDAD PREVISIONAL,2023-05-29,2
FALTA COTIZ. SALUD,2023-05-29,26
NO HAY IMAGENES PARA DESCARGAR,2023-05-29,35
COTIZ < LIQ DE SUELDO,2023-05-28,1
COTIZ < LIQ DE SUELDO,2023-05-27,1
FALTA COTIZ. SALUD,2023-05-26,22
COTIZ < LIQ DE SUELDO,2023-05-26,34
NO HAY IMAGENES PARA DESCARGAR,2023-05-26,7
RENTA = TOPE,2023-05-26,43
FECHA CONTRATO TRABAJO EQ FECHA AFILIACION ENTIDAD PREVISIONAL,2023-05-26,1
FECHA CONTRATO TRABAJO EQ FECHA AFILIACION ENTIDAD PREVISIONAL,2023-05-25,2
NO HAY IMAGENES PARA DESCARGAR,2023-05-25,10
FALTA COTIZ. SALUD,2023-05-25,17
COTIZ < LIQ DE SUELDO,2023-05-25,24
RENTA = TOPE,2023-05-25,29
NO HAY IMAGENES PARA DESCARGAR,2023-05-24,7
FECHA CONTRATO TRABAJO EQ FECHA AFILIACION ENTIDAD PREVISIONAL,2023-05-24,1
FALTA COTIZ. SALUD,2023-05-24,31
COTIZ < LIQ DE SUELDO,2023-05-24,33
RENTA = TOPE,2023-05-24,33
RENTA = TOPE,2023-05-23,28
FECHA CONTRATO TRABAJO EQ FECHA AFILIACION ENTIDAD PREVISIONAL,2023-05-23,2
COTIZ < LIQ DE SUELDO,2023-05-23,29
FALTA COTIZ. SALUD,2023-05-23,26
NO HAY IMAGENES PARA DESCARGAR,2023-05-23,5
COTIZ < LIQ DE SUELDO,2023-05-22,42
FALTA COTIZ. SALUD,2023-05-22,26
NO HAY IMAGENES PARA DESCARGAR,2023-05-22,9
RENTA = TOPE,2023-05-22,38
FECHA CONTRATO TRABAJO EQ FECHA AFILIACION ENTIDAD PREVISIONAL,2023-05-22,2
FALTA COTIZ. SALUD,2023-05-21,3
RENTA = TOPE,2023-05-21,2
COTIZ < LIQ DE SUELDO,2023-05-21,3
FALTA COTIZ. SALUD,2023-05-19,13
NO DERECHO A PAGO SUBSIDIO,2023-05-19,1
NO HAY IMAGENES PARA DESCARGAR,2023-05-19,8
COTIZ < LIQ DE SUELDO,2023-05-19,24
FECHA CONTRATO TRABAJO EQ FECHA AFILIACION ENTIDAD PREVISIONAL,2023-05-19,3
RENTA = TOPE,2023-05-19,20
FECHA CONTRATO TRABAJO EQ FECHA AFILIACION ENTIDAD PREVISIONAL,2023-05-18,1
NO HAY IMAGENES PARA DESCARGAR,2023-05-18,8
FALTA COTIZ. SALUD,2023-05-18,29
COTIZ < LIQ DE SUELDO,2023-05-18,31
RENTA = TOPE,2023-05-18,33
NO HAY IMAGENES PARA DESCARGAR,2023-05-17,11
FECHA CONTRATO TRABAJO EQ FECHA AFILIACION ENTIDAD PREVISIONAL,2023-05-17,3
FALTA COTIZ. SALUD,2023-05-17,54
COTIZ < LIQ DE SUELDO,2023-05-17,43
RENTA = TOPE,2023-05-17,32
COTIZ < LIQ DE SUELDO,2023-05-16,34
FALTA COTIZ. SALUD,2023-05-16,46
NO HAY IMAGENES PARA DESCARGAR,2023-05-16,8
RENTA = TOPE,2023-05-16,36
NO HAY IMAGENES PARA DESCARGAR,2023-05-15,10
FALTA COTIZ. SALUD,2023-05-15,124
COTIZ < LIQ DE SUELDO,2023-05-15,29
RENTA = TOPE,2023-05-15,21
FALTA COTIZ. SALUD,2023-05-14,2
FALTA COTIZ. SALUD,2023-05-13,1
RENTA = TOPE,2023-05-12,20
COTIZ < LIQ DE SUELDO,2023-05-12,21
FALTA COTIZ. SALUD,2023-05-12,130
NO HAY IMAGENES PARA DESCARGAR,2023-05-12,7
RENTA = TOPE,2023-05-11,31
NO PROCESADO MEDIPASS,2023-05-11,21
COTIZ < LIQ DE SUELDO,2023-05-11,27
FECHA CONTRATO TRABAJO EQ FECHA AFILIACION ENTIDAD PREVISIONAL,2023-05-11,2
NO HAY IMAGENES PARA DESCARGAR,2023-05-11,13
NO IMAGENES CON API,2023-05-11,1
FALTA COTIZ. SALUD,2023-05-11,257
FECHA CONTRATO TRABAJO EQ FECHA AFILIACION ENTIDAD PREVISIONAL,2023-05-10,6
NO IMAGENES CON API,2023-05-10,1
NO PROCESADO MEDIPASS,2023-05-10,78
FALTA COTIZ. SALUD,2023-05-10,348
COTIZ < LIQ DE SUELDO,2023-05-10,42
RENTA = TOPE,2023-05-10,29
NO HAY IMAGENES PARA DESCARGAR,2023-05-10,15
COTIZ < LIQ DE SUELDO,2023-05-09,55
NO PROCESADO MEDIPASS,2023-05-09,89
NO DERECHO A PAGO SUBSIDIO,2023-05-09,2
ERROR AL DESCARGAR ALGUNAS IMAGENES,2023-05-09,2
RENTA = TOPE,2023-05-09,41
FALTA COTIZ. SALUD,2023-05-09,386
FECHA CONTRATO TRABAJO EQ FECHA AFILIACION ENTIDAD PREVISIONAL,2023-05-09,7
NO HAY IMAGENES PARA DESCARGAR,2023-05-09,20
NO PROCESADO MEDIPASS,2023-05-08,146
COTIZ < LIQ DE SUELDO,2023-05-08,41
NO HAY IMAGENES PARA DESCARGAR,2023-05-08,5
ERROR AL DESCARGAR ALGUNAS IMAGENES,2023-05-08,4
FALTA COTIZ. SALUD,2023-05-08,457
RENTA = TOPE,2023-05-08,50
FECHA CONTRATO TRABAJO EQ FECHA AFILIACION ENTIDAD PREVISIONAL,2023-05-08,2
NO IMAGENES CON API,2023-05-08,3
NO PROCESADO MEDIPASS,2023-05-07,2
FALTA COTIZ. SALUD,2023-05-05,194
RENTA = TOPE,2023-05-05,34
FECHA CONTRATO TRABAJO EQ FECHA AFILIACION ENTIDAD PREVISIONAL,2023-05-05,1
COTIZ < LIQ DE SUELDO,2023-05-05,20
NO HAY IMAGENES PARA DESCARGAR,2023-05-05,7
FALTA COTIZ. SALUD,2023-05-04,194
COTIZ < LIQ DE SUELDO,2023-05-04,34
NO HAY IMAGENES PARA DESCARGAR,2023-05-04,15
RENTA = TOPE,2023-05-04,32
FECHA CONTRATO TRABAJO EQ FECHA AFILIACION ENTIDAD PREVISIONAL,2023-05-04,4
NO HAY IMAGENES PARA DESCARGAR,2023-05-03,8
FALTA COTIZ. SALUD,2023-05-03,105
RENTA = TOPE,2023-05-03,24
FECHA CONTRATO TRABAJO EQ FECHA AFILIACION ENTIDAD PREVISIONAL,2023-05-03,1
COTIZ < LIQ DE SUELDO,2023-05-03,28
RENTA = TOPE,2023-05-02,30
FALTA COTIZ. SALUD,2023-05-02,37
COTIZ < LIQ DE SUELDO,2023-05-02,29
FALTA COTIZ. SALUD,2023-04-28,9
COTIZ < LIQ DE SUELDO,2023-04-28,12
RENTA = TOPE,2023-04-28,7
FECHA CONTRATO TRABAJO EQ FECHA AFILIACION ENTIDAD PREVISIONAL,2023-04-28,1
FALTA COTIZ. SALUD,2023-04-27,29
RENTA = TOPE,2023-04-27,29
FECHA CONTRATO TRABAJO EQ FECHA AFILIACION ENTIDAD PREVISIONAL,2023-04-27,2
COTIZ < LIQ DE SUELDO,2023-04-27,35
RENTA = TOPE,2023-04-26,27
FALTA COTIZ. SALUD,2023-04-26,29
NO DERECHO A PAGO SUBSIDIO,2023-04-26,1
COTIZ < LIQ DE SUELDO,2023-04-26,54
COTIZ < LIQ DE SUELDO,2023-04-25,32
FALTA COTIZ. SALUD,2023-04-25,24
RENTA = TOPE,2023-04-25,41
FECHA CONTRATO TRABAJO EQ FECHA AFILIACION ENTIDAD PREVISIONAL,2023-04-25,1
FECHA CONTRATO TRABAJO EQ FECHA AFILIACION ENTIDAD PREVISIONAL,2023-04-24,2
FALTA COTIZ. SALUD,2023-04-24,21
RENTA = TOPE,2023-04-24,23
COTIZ < LIQ DE SUELDO,2023-04-24,35
FECHA CONTRATO TRABAJO EQ FECHA AFILIACION ENTIDAD PREVISIONAL,2023-04-21,1
RENTA = TOPE,2023-04-21,20
FALTA COTIZ. SALUD,2023-04-21,20
COTIZ < LIQ DE SUELDO,2023-04-21,38
FALTA COTIZ. SALUD,2023-04-20,17
RENTA = TOPE,2023-04-20,27
COTIZ < LIQ DE SUELDO,2023-04-20,30
FECHA CONTRATO TRABAJO EQ FECHA AFILIACION ENTIDAD PREVISIONAL,2023-04-20,1
RENTA = TOPE,2023-04-19,34
COTIZ < LIQ DE SUELDO,2023-04-19,41
FALTA COTIZ. SALUD,2023-04-19,15
FECHA CONTRATO TRABAJO EQ FECHA AFILIACION ENTIDAD PREVISIONAL,2023-04-18,2
RENTA = TOPE,2023-04-18,36
COTIZ < LIQ DE SUELDO,2023-04-18,39
SOBRE 60 ANIOS SIN PENSION,2023-04-18,25
FALTA COTIZ. SALUD,2023-04-18,23
COTIZ < LIQ DE SUELDO,2023-04-17,47
FECHA CONTRATO TRABAJO EQ FECHA AFILIACION ENTIDAD PREVISIONAL,2023-04-17,4
NO DERECHO A PAGO SUBSIDIO,2023-04-17,3
FALTA COTIZ. SALUD,2023-04-17,27
RENTA = TOPE,2023-04-17,27
SOBRE 60 ANIOS SIN PENSION,2023-04-17,16
FALTA COTIZ. SALUD,2023-04-15,1
SOBRE 60 ANIOS SIN PENSION,2023-04-14,22
NO DERECHO A PAGO SUBSIDIO,2023-04-14,2
RENTA = TOPE,2023-04-14,16
FALTA COTIZ. SALUD,2023-04-14,42
COTIZ < LIQ DE SUELDO,2023-04-14,22
FECHA CONTRATO TRABAJO EQ FECHA AFILIACION ENTIDAD PREVISIONAL,2023-04-14,2
FALTA COTIZ. SALUD,2023-04-12,1
FALTA COTIZ. SALUD,2023-04-11,4
NO DERECHO A PAGO SUBSIDIO,2023-04-10,1
SOBRE 60 ANIOS SIN PENSION,2023-04-10,1
